SCORE:,total_score,coordinate_constraint,dslf_fa13,fa_atr,fa_dun,fa_elec,fa_intra_rep,fa_intra_sol_xover4,fa_rep,fa_sol,hbond_bb_sc,hbond_lr_bb,hbond_sc,hbond_sr_bb,lk_ball_wtd,omega,p_aa_pp,pro_close,rama_prepro,ref,res_type_constraint,rmsd,stability_pure,stability_score_full,stability_without_pssm,timer,yhh_planarity,description
SCORE:,-1257.762,10.837,0,-2737.282,487.509,-782.115,4.891,89.447,395.942,1629.313,-108.694,-92.336,-69.891,-199.536,-68.355,49.007,-89.767,1.094,47.331,174.687,0.156,lowest_energy_1819_0001,,,,,,
SCORE:,-1257.148,10.075,0,-2733.849,485.528,-782.55,4.956,89.343,393.923,1627.5,-108.849,-92.074,-68.123,-199.701,-67.044,49.324,-89.829,1.08,48.266,174.723,0.154,lowest_energy_0008_0001,,,,,,
SCORE:,-1254.772,10.139,0,-2730.389,483.985,-781.28,5.007,89.396,394.228,1624.989,-108.616,-92.044,-67.896,-199.612,-67.084,49.394,-89.604,1.064,48.23,175.167,0.153,lowest_energy_0808_0001,,,,,,
SCORE:,-1254.457,10.108,0,-2734.91,486.607,-781.43,4.96,89.369,395.057,1628.059,-108.568,-92.092,-67.984,-199.424,-67.436,49.253,-89.634,1.044,48.324,174.087,0.153,lowest_energy_1808_0001,,,,,,
SCORE:,-1253.76,10.594,0,-2736.096,487.471,-779.959,4.948,89.37,394.369,1628.985,-108.241,-92.001,-68.239,-199.416,-68.209,49.695,-89.305,1.137,47.974,173.008,0.154,lowest_energy_1818_0001,,,,,,
SCORE:,-1253.621,10.136,0,-2735.585,487.305,-781.856,4.951,89.282,395.471,1628.207,-108.41,-92.055,-68.013,-199.474,-67.484,49.456,-89.637,1.037,48.174,174.719,0.153,lowest_energy_0015_0001,,,,,,
SCORE:,-1253.594,10.302,0,-2735.975,487.503,-779.934,4.964,89.363,395.073,1626.432,-107.985,-92.052,-68.274,-199.16,-67.887,50.027,-89.404,1.098,47.881,174.28,0.153,lowest_energy_0001_0001,,,,,,
SCORE:,-1253.571,10.229,0,-2733.578,484.838,-782.157,4.997,89.335,395.618,1627.717,-108.589,-91.93,-67.919,-199.663,-67.141,49.459,-89.471,1.044,48.325,175.162,0.153,lowest_energy_0815_0001,,,,,,
SCORE:,-1253.538,10.076,0,-2734.754,487.502,-781.854,4.95,89.32,394.15,1629.607,-108.527,-92.108,-67.996,-199.53,-67.828,49.426,-89.564,1.033,48.321,174.083,0.153,lowest_energy_1815_0001,,,,,,
SCORE:,-1252.897,10.483,0,-2735.245,487.769,-781.191,4.94,89.548,394.634,1630.253,-108.056,-92.034,-68.193,-199.336,-68.192,49.596,-89.577,1.118,47.669,172.761,0.154,lowest_energy_0016_0001,,,,,,
SCORE:,-1252.685,10.29,0,-2736.118,488.737,-781.741,4.967,89.791,394.713,1631.364,-107.965,-91.981,-68.15,-199.348,-67.887,49.607,-89.75,1.071,47.95,171.611,0.153,lowest_energy_0012_0001,,,,,,
SCORE:,-1252.556,10.428,0,-2735.736,487.532,-779.652,4.96,89.375,394.477,1628.009,-107.91,-92.158,-68.139,-199.144,-67.976,50.039,-89.379,1.107,47.815,173.644,0.153,lowest_energy_0018_0001,,,,,,
SCORE:,-1252.503,10.336,0,-2736.464,487.623,-779.897,4.961,89.393,395.186,1628.265,-107.974,-92.111,-68.088,-199.092,-68.242,50.095,-89.346,1.091,47.964,173.644,0.153,lowest_energy_1801_0001,,,,,,
SCORE:,-1252.265,10.215,0,-2733.797,485.079,-780.945,5.005,89.789,395.486,1630.116,-108.723,-92.019,-67.884,-199.684,-67.446,49.388,-89.527,1.055,48.063,173.41,0.153,lowest_energy_0817_0001,,,,,,
SCORE:,-1252.238,10.283,0,-2733.523,486.754,-782.308,4.998,90.078,395.966,1631.442,-108.187,-92.196,-68.187,-199.414,-67.693,49.677,-89.739,1.066,47.811,170.781,0.153,lowest_energy_0814_0001,,,,,,
SCORE:,-1251.972,10.246,0,-2732.666,486.754,-780.594,5.014,89.831,394.26,1629.276,-108.059,-91.996,-68.131,-199.375,-67.895,49.673,-89.597,1.067,48.014,172.054,0.153,lowest_energy_0812_0001,,,,,,
SCORE:,-1251.845,11.01,0,-2729.055,483.93,-781.065,4.92,89.229,394.291,1626.572,-108.57,-91.942,-68.207,-199.523,-68.068,49.171,-89.773,1.047,47.714,176.317,0.156,lowest_energy_0701_0001,,,,,,
SCORE:,-1251.658,10.2,0,-2733.949,486.419,-780.809,4.943,89.281,394.734,1627.957,-108.668,-92.266,-68.171,-199.444,-67.123,49.254,-89.4,1.053,49.015,175.162,0.153,lowest_energy_1508_0001,,,,,,
SCORE:,-1251.647,10.298,0,-2735.759,489.273,-782.903,4.955,90.041,395.239,1633.392,-108.063,-92.035,-68.046,-199.245,-67.628,49.555,-89.905,1.041,47.653,170.337,0.153,lowest_energy_0014_0001,,,,,,
SCORE:,-1251.555,10.081,0,-2730.884,485.513,-781.378,4.947,89.15,394.184,1628.462,-108.156,-91.952,-68.029,-199.172,-67.185,49.403,-89.713,1.005,47.63,174.387,0.153,lowest_energy_0000_0001,,,,,,
SCORE:,-1251.503,10.012,0,-2735.929,487.784,-780.847,4.962,89.752,394.859,1631.406,-108.304,-92.179,-67.972,-199.343,-67.481,49.356,-89.651,1.027,47.925,172.967,0.153,lowest_energy_0017_0001,,,,,,
SCORE:,-1251.296,10.292,0,-2732.694,485.474,-781.227,4.937,89.482,394.402,1634.149,-107.929,-92.191,-68.063,-199.396,-67.945,49.564,-89.637,1.109,47.944,170.28,0.154,lowest_energy_1811_0001,,,,,,
SCORE:,-1251.283,10.892,0,-2734.668,487.065,-781.992,4.954,89.414,397.38,1627.926,-108.888,-91.976,-68.157,-199.483,-67.777,48.616,-89.904,1.044,47.709,176.408,0.155,lowest_energy_0919_0001,,,,,,
SCORE:,-1251.212,10.253,0,-2731.112,482.498,-780.875,4.984,89.182,395.063,1627.543,-108.165,-91.987,-68.178,-199.639,-67.372,49.515,-89.09,1.084,48.17,176.76,0.154,lowest_energy_0807_0001,,,,,,
SCORE:,-1251.134,10.911,0,-2729.015,483.519,-783.143,4.929,89.337,395.58,1629.508,-108.697,-91.88,-67.88,-199.633,-68.281,48.793,-89.311,1.01,47.707,175.256,0.154,lowest_energy_0619_0001,,,,,,
SCORE:,-1251.127,11.054,0,-2727.947,483.926,-781.174,4.914,89.266,393.629,1627.589,-108.519,-92.011,-68.132,-199.582,-68.426,49.226,-89.666,1.028,47.863,175.681,0.156,lowest_energy_0718_0001,,,,,,
SCORE:,-1251.105,10.137,0,-2733.211,487.924,-781.308,4.945,90.008,393.452,1633.787,-108.046,-92.163,-68.191,-199.116,-67.684,49.676,-89.883,1.061,47.652,169.701,0.153,lowest_energy_1814_0001,,,,,,
SCORE:,-1251.035,10.304,0,-2728.098,483.243,-782.779,4.928,89.269,393.617,1628.409,-109.054,-91.99,-68.051,-199.796,-67.263,49.276,-89.859,1.044,48.851,176.76,0.154,lowest_energy_0708_0001,,,,,,
SCORE:,-1251.011,10.266,0,-2734.653,487.603,-780.365,4.95,89.185,394.423,1627.529,-108.187,-92.132,-68.176,-199.378,-67.264,49.818,-89.701,1.079,48.035,175.805,0.153,lowest_energy_0915_0001,,,,,,
SCORE:,-1250.983,10.907,0,-2725.051,482.19,-780.739,4.925,89.139,397.307,1622.096,-108.482,-92.036,-67.934,-199.62,-67.599,49.425,-90.177,1.084,47.277,176.148,0.156,lowest_energy_0508_0001,,,,,,
SCORE:,-1250.908,11.421,0,-2726.341,484.492,-780.318,4.945,89.336,395.796,1620.698,-108.256,-91.841,-66.639,-199.53,-68.578,49.144,-89.669,1.11,47.461,175.705,0.156,lowest_energy_0501_0001,,,,,,
SCORE:,-1250.798,10.259,0,-2731.287,486.418,-780.714,5.006,89.612,394.459,1629.492,-108.682,-92.093,-68.001,-199.697,-67.518,49.402,-89.469,1.063,48.008,172.79,0.154,lowest_energy_0813_0001,,,,,,
SCORE:,-1250.756,10.694,0,-2725.108,484.91,-783.18,4.914,89.33,393.597,1632.267,-109.247,-91.916,-69.752,-199.787,-67.857,48.855,-89.516,1.026,48.313,171.544,0.155,lowest_energy_0612_0001,,,,,,
SCORE:,-1250.688,10.1,0,-2736.979,488.861,-780.282,4.962,89.439,395.666,1628.544,-108.062,-91.976,-68.216,-199.057,-67.844,49.785,-89.738,1.09,47.542,175.323,0.153,lowest_energy_0019_0001,,,,,,
SCORE:,-1250.68,10.639,0,-2734.149,488.407,-781.13,4.965,89.306,395.316,1628.12,-108.512,-92.144,-68.106,-199.731,-67.688,49.064,-89.386,1.078,48.39,174.73,0.154,lowest_energy_0918_0001,,,,,,
SCORE:,-1250.623,10.527,0,-2736.037,487.77,-780.362,4.933,89.52,394.861,1632.177,-107.851,-92.082,-68.124,-199.156,-68.154,49.737,-89.514,1.081,47.773,172.125,0.153,lowest_energy_1816_0001,,,,,,
SCORE:,-1250.472,10.291,0,-2734.763,486.236,-781.084,4.948,89.48,395.689,1628.486,-108.315,-92.101,-67.939,-199.45,-67.013,48.858,-89.717,1.06,48.947,175.762,0.154,lowest_energy_1915_0001,,,,,,
SCORE:,-1250.451,10.175,0,-2735.768,488.762,-781.233,4.969,89.851,395.302,1632.764,-108.026,-91.983,-67.903,-199.126,-68.169,49.666,-89.709,1.031,47.818,170.975,0.153,lowest_energy_1812_0001,,,,,,
SCORE:,-1250.39,10.135,0,-2732.285,487.144,-780.974,4.978,89.361,395.364,1625.794,-108.528,-92.121,-67.747,-199.458,-66.737,49.228,-89.647,1.08,48.062,175.809,0.153,lowest_energy_0908_0001,,,,,,
SCORE:,-1250.374,10.107,0,-2729.494,485.766,-783.537,4.987,89.951,394.88,1631.695,-108.484,-92.093,-67.939,-199.57,-67.169,49.407,-89.435,1.07,47.97,171.359,0.153,lowest_energy_0811_0001,,,,,,
SCORE:,-1250.315,10.12,0,-2731.243,485.75,-781.236,4.947,89.16,394.77,1629.679,-108.15,-91.947,-68.026,-199.171,-67.388,49.403,-89.64,1.005,47.75,173.75,0.153,lowest_energy_1800_0001,,,,,,
SCORE:,-1250.221,10.111,0,-2732.03,484.861,-780.539,4.941,89.148,394.077,1628.514,-108.043,-92.198,-68.173,-199.183,-67.428,49.627,-89.303,1.059,47.867,176.317,0.153,lowest_energy_0007_0001,,,,,,
SCORE:,-1250.218,10.046,0,-2736.686,488.08,-780.189,4.962,89.785,394.791,1633.541,-108.343,-92.268,-67.938,-199.315,-68.034,49.345,-89.578,1.04,48.06,172.331,0.153,lowest_energy_1817_0001,,,,,,
SCORE:,-1250.192,10.466,0,-2735.276,487.118,-780.6,4.938,89.709,394.24,1632.77,-108.241,-92.196,-68.172,-199.529,-67.848,49.755,-89.527,1.094,48.193,172.761,0.154,lowest_energy_1601_0001,,,,,,
SCORE:,-1250.059,10.408,0,-2733.199,486.891,-780.859,4.955,89.429,395.029,1630.508,-108.103,-92.294,-68.131,-199.523,-67.593,49.654,-89.511,1.098,48.221,172.807,0.154,lowest_energy_0910_0001,,,,,,
SCORE:,-1249.945,12.123,0,-2726.092,484.03,-782.363,4.904,89.58,397.882,1623.956,-107.975,-91.967,-67.453,-199.415,-68.895,48.801,-89.717,1.064,47.249,174.186,0.157,lowest_energy_0516_0001,,,,,,
SCORE:,-1249.731,10.197,0,-2729.393,484.33,-780.526,4.998,89.19,395.066,1627.151,-108.114,-91.93,-68.031,-199.191,-66.96,49.382,-89.548,1,47.664,174.83,0.153,lowest_energy_0800_0001,,,,,,
SCORE:,-1249.727,10.122,0,-2732.947,488.31,-783.47,4.946,89.937,394.971,1633.441,-108.262,-92.137,-67.91,-199.291,-67.24,49.283,-89.524,1.024,47.953,170.916,0.153,lowest_energy_0011_0001,,,,,,
SCORE:,-1249.718,10.555,0,-2727.86,483.545,-780.899,5.011,89.394,397.076,1623.63,-108.737,-92.022,-68.181,-199.494,-67.158,49.147,-89.234,1.072,48.474,175.809,0.154,lowest_energy_0809_0001,,,,,,
SCORE:,-1249.706,10.646,0,-2735.922,487.018,-780.906,4.93,89.707,394.667,1634.876,-108.349,-92.207,-68.203,-199.628,-68.001,49.534,-89.503,1.094,48.263,172.125,0.154,lowest_energy_1618_0001,,,,,,
SCORE:,-1249.593,10.313,0,-2731.536,486.274,-781.726,4.958,89.211,394.701,1629.318,-108.301,-92.135,-67.978,-199.318,-67.195,49.269,-89.15,1.024,48.312,174.214,0.153,lowest_energy_0006_0001,,,,,,
SCORE:,-1249.585,11.009,0,-2728.806,484.012,-781.437,4.922,89.249,394.921,1629.77,-108.511,-92.087,-68.121,-199.653,-67.969,49.503,-88.975,1.053,47.801,173.578,0.155,lowest_energy_0618_0001,,,,,,
SCORE:,-1249.517,10.161,0,-2723.728,485.641,-784.699,4.92,89.521,392.413,1634.869,-108.869,-92.148,-69.067,-199.763,-66.692,49.376,-89.674,1.058,48.181,168.829,0.154,lowest_energy_0314_0001,,,,,,
SCORE:,-1249.498,10.079,0,-2731.7,486.777,-781.829,4.947,89.177,394.326,1631.887,-108.151,-91.959,-68.023,-199.172,-67.3,49.403,-89.615,1.005,47.725,172.772,0.153,lowest_energy_0003_0001,,,,,,
SCORE:,-1249.486,11.515,0,-2727.284,484.302,-780.179,4.936,89.337,396.379,1622.711,-108.313,-92.014,-66.608,-199.635,-68.345,49.197,-89.531,1.105,47.716,175.068,0.157,lowest_energy_0518_0001,,,,,,
SCORE:,-1249.339,10.203,0,-2732.798,487.486,-781.627,4.947,89.901,395.816,1630.933,-108.344,-92.24,-67.865,-199.389,-67.43,49.258,-89.37,1.021,48.284,171.722,0.153,lowest_energy_0010_0001,,,,,,
SCORE:,-1249.316,10.69,0,-2728.62,484.164,-781.737,4.933,89.251,394.971,1628.106,-108.377,-91.943,-68.138,-199.723,-67.559,49.783,-88.842,1.076,48.282,174.214,0.154,lowest_energy_0601_0001,,,,,,
SCORE:,-1249.311,10.38,0,-2727.46,484.479,-780.866,4.936,89.195,394.099,1626.438,-108.431,-92.088,-68.111,-199.759,-67.699,49.781,-88.955,1.092,49.116,174.387,0.154,lowest_energy_0201_0001,,,,,,
SCORE:,-1249.268,10.738,0,-2734.023,487.625,-781.955,4.968,89.813,395.664,1631.508,-108.964,-91.688,-67.798,-199.33,-68.508,48.644,-89.505,1.043,48.538,173.804,0.156,lowest_energy_1916_0001,,,,,,
SCORE:,-1249.203,10.746,0,-2733.851,487.814,-780.408,4.931,89.233,395.06,1628.994,-108.236,-92.237,-68.234,-199.85,-67.752,49.084,-88.9,1.082,49.085,174.083,0.154,lowest_energy_1518_0001,,,,,,
SCORE:,-1249.192,10.057,0,-2733.266,487.227,-781.409,4.944,89.653,394.659,1632.432,-108.485,-92.091,-67.892,-199.254,-67.732,49.349,-89.837,1.01,48.084,173.204,0.153,lowest_energy_1608_0001,,,,,,
SCORE:,-1249.188,11.584,0,-2733.214,486.165,-780.388,4.942,89.743,395.396,1627.768,-109.498,-92.553,-66.859,-199.15,-68.938,49.292,-90.007,1.111,48.896,176.366,0.156,lowest_energy_1919_0001,,,,,,
SCORE:,-1249.133,10.3,0,-2726.732,483.63,-780.321,4.918,89.277,393.041,1630.951,-108.561,-91.931,-68.142,-199.718,-67.896,49.99,-89.665,1.076,47.421,173.074,0.153,lowest_energy_1700_0001,,,,,,
SCORE:,-1249.098,10.411,0,-2725.295,482.95,-780.962,4.913,89.18,393.01,1631.461,-108.482,-92.142,-68.024,-199.807,-67.969,49.882,-89.527,1.074,47.621,172.454,0.154,lowest_energy_1300_0001,,,,,,
SCORE:,-1249.063,10.179,0,-2732.621,485.558,-780.893,4.933,89.533,394.619,1633.229,-108.261,-92.124,-68.098,-199.212,-67.777,49.495,-89.86,1.026,47.86,173.2,0.153,lowest_energy_1615_0001,,,,,,
SCORE:,-1249.033,10.175,0,-2728.685,485.275,-781.512,4.991,89.931,395.097,1629.158,-108.353,-92.249,-67.861,-199.57,-67.214,49.342,-89.244,1.047,48.321,172.165,0.153,lowest_energy_0810_0001,,,,,,
SCORE:,-1248.86,10.153,0,-2725.982,482.559,-780.096,4.93,89.114,393.449,1626.37,-107.958,-92.04,-68.21,-199.405,-67.382,49.795,-89.312,1.074,49.099,174.83,0.153,lowest_energy_0208_0001,,,,,,
SCORE:,-1248.795,10.152,0,-2734.28,489.428,-780.355,4.968,89.576,395.064,1631.045,-108.348,-92.165,-67.807,-199.268,-67.98,49.36,-89.533,1.022,47.826,172.347,0.153,lowest_energy_0013_0001,,,,,,
SCORE:,-1248.756,10.507,0,-2732.837,488.767,-780.161,4.972,89.303,395.606,1625.215,-108.16,-92.292,-68.051,-199.31,-67.601,49.848,-89.322,1.1,48.142,175.366,0.153,lowest_energy_0901_0001,,,,,,
SCORE:,-1248.75,10.084,0,-2731.782,485.003,-780.535,4.941,89.188,394.268,1629.582,-107.998,-92.014,-67.99,-199.108,-67.668,49.6,-89.179,1.033,47.99,175.681,0.153,lowest_energy_1807_0001,,,,,,
SCORE:,-1248.714,10.178,0,-2726.115,482.781,-780.116,4.934,89.179,393.237,1629.418,-107.926,-92.098,-68.2,-199.416,-67.759,49.867,-89.57,1.081,48.442,173.215,0.153,lowest_energy_0308_0001,,,,,,
SCORE:,-1248.707,10.268,0,-2732.986,486.045,-779.971,4.937,89.164,394.987,1628.86,-108.273,-92.217,-68.163,-199.24,-67.267,49.305,-89.318,1.039,48.811,175.158,0.153,lowest_energy_1515_0001,,,,,,
SCORE:,-1248.691,10.652,0,-2731.073,483.94,-780.072,4.932,89.19,394.877,1628.827,-108.076,-92.11,-68.016,-199.439,-67.081,49.291,-89.764,1.078,48.571,175.429,0.153,lowest_energy_1900_0001,,,,,,
SCORE:,-1248.686,10.335,0,-2726.393,483.081,-780.196,4.991,89.228,394.144,1629.066,-108.33,-92.092,-68.167,-199.422,-67.089,49.457,-89.529,1.067,47.794,173.215,0.153,lowest_energy_0803_0001,,,,,,
SCORE:,-1248.664,10.314,0,-2733.433,488.671,-781.427,4.948,90.095,393.646,1635.724,-108.171,-91.969,-68.231,-199.247,-68.376,49.66,-89.927,1.04,47.772,170.092,0.153,lowest_energy_1612_0001,,,,,,
SCORE:,-1248.633,10.3,0,-2728.526,484.088,-781.434,5.003,89.243,395.652,1627.608,-108.45,-92.273,-67.926,-199.491,-66.947,49.272,-89.015,1.033,48.419,174.657,0.153,lowest_energy_0806_0001,,,,,,
SCORE:,-1248.612,10.409,0,-2727.96,484.88,-782.126,4.914,89.309,394.155,1635.28,-108.497,-91.887,-69.67,-199.687,-67.863,49.891,-89.79,1.051,47.366,171.459,0.154,lowest_energy_1703_0001,,,,,,
SCORE:,-1248.597,10.668,0,-2729.088,485.632,-782.754,4.882,89.46,394.615,1630.301,-108.408,-91.928,-69.662,-199.643,-66.947,49.485,-89.445,1.042,48.242,174.798,0.154,lowest_energy_0716_0001,,,,,,
SCORE:,-1248.561,10.12,0,-2731.153,485.472,-781.779,4.942,89.161,393.802,1632.625,-108.182,-92.005,-68.135,-199.228,-67.374,49.389,-89.069,1.013,48.464,173.224,0.153,lowest_energy_1802_0001,,,,,,
SCORE:,-1248.537,11.197,0,-2723,482.498,-781,4.95,89.216,396.287,1620.167,-108.739,-91.552,-66.487,-199.617,-68.199,49.231,-89.574,1.068,47.733,177.129,0.155,lowest_energy_0505_0001,,,,,,
SCORE:,-1248.428,10.157,0,-2730.487,485.286,-780.449,4.928,89.067,394.434,1629.3,-108.35,-92.119,-68.154,-199.233,-67.212,49.445,-89.393,1.016,48.356,174.826,0.153,lowest_energy_1500_0001,,,,,,
SCORE:,-1248.41,10.22,0,-2725.903,486.408,-785.287,4.923,89.486,394.169,1634.82,-108.811,-92.166,-69.427,-199.844,-66.7,49.346,-89.434,1.072,48.296,170.271,0.154,lowest_energy_0614_0001,,,,,,
SCORE:,-1248.383,10.359,0,-2733.171,487.014,-779.114,4.958,89.272,394.433,1630.247,-108.185,-92.121,-68.029,-199.309,-67.346,49.74,-89.616,1.074,47.825,173.433,0.153,lowest_energy_0913_0001,,,,,,
SCORE:,-1248.365,10.449,0,-2734.183,487.215,-779.527,4.924,89.233,393.515,1632.33,-107.845,-92.23,-68.291,-199.303,-68.147,49.902,-89.27,1.078,48.846,172.786,0.153,lowest_energy_1513_0001,,,,,,
SCORE:,-1248.327,10.803,0,-2731.564,488.378,-781.673,4.989,89.575,395.782,1625.813,-108.858,-92.03,-66.574,-199.359,-68.22,48.648,-89.45,1.075,48.86,175.323,0.155,lowest_energy_1901_0001,,,,,,
SCORE:,-1248.281,10.578,0,-2730.557,484.472,-781.905,4.931,89.321,395.108,1627.998,-108.056,-91.795,-67.946,-199.421,-67.674,49.455,-89.566,1.06,48.202,177.359,0.153,lowest_energy_0719_0001,,,,,,
SCORE:,-1248.273,10.411,0,-2732.887,486.524,-779.973,4.928,89.337,393.849,1631.51,-107.799,-92.175,-68.216,-199.264,-67.786,49.776,-89.194,1.07,49.302,172.161,0.153,lowest_energy_1510_0001,,,,,,
SCORE:,-1248.222,10.118,0,-2732.072,487.014,-781.621,4.947,89.187,394.958,1633.054,-108.146,-91.955,-68.019,-199.172,-67.514,49.403,-89.542,1.005,47.844,172.136,0.153,lowest_energy_1803_0001,,,,,,
SCORE:,-1248.216,10.261,0,-2735.696,487.78,-779.882,4.944,89.675,394.91,1632.397,-108.573,-92.224,-68.039,-199.385,-67.665,49.299,-89.317,1.033,48.707,173.406,0.153,lowest_energy_1517_0001,,,,,,
SCORE:,-1248.204,10.789,0,-2732.613,487.821,-779.938,4.94,89.239,395.733,1626.23,-108.304,-92.216,-68.099,-199.453,-67.859,49.56,-88.846,1.091,48.848,174.719,0.153,lowest_energy_1501_0001,,,,,,
SCORE:,-1248.192,10.638,0,-2730.968,485.786,-780.934,4.968,89.342,398.574,1624.737,-108.259,-92.192,-68.017,-199.482,-67.106,49.081,-89.348,1.057,48.412,175.366,0.153,lowest_energy_0009_0001,,,,,,
SCORE:,-1248.151,10.396,0,-2735.997,485.972,-780.426,4.956,89.438,398.334,1627.245,-107.967,-92.062,-67.603,-199.346,-66.682,49.27,-89.728,1.037,49.095,175.766,0.153,lowest_energy_1908_0001,,,,,,
SCORE:,-1248.138,10.19,0,-2732.581,489.415,-781.649,4.939,89.971,393.065,1633.511,-108.1,-92.106,-68.305,-199.196,-67.657,49.497,-89.556,1.041,48.454,170.776,0.153,lowest_energy_1514_0001,,,,,,
SCORE:,-1248.089,10.69,0,-2722.195,481.939,-781.395,4.926,89.066,396.257,1623.053,-108.565,-91.614,-67.862,-199.538,-67.394,50.017,-89.79,1.082,47.268,175.811,0.154,lowest_energy_0500_0001,,,,,,
SCORE:,-1248.073,10.543,0,-2731.042,485.961,-781.174,4.963,89.353,397.821,1626.728,-108.493,-92.084,-68.079,-199.516,-67.47,49.129,-89.296,1.079,48.62,174.73,0.154,lowest_energy_1809_0001,,,,,,
SCORE:,-1248.063,10.217,0,-2729.699,485.899,-780.3,4.967,89.152,394.765,1627.058,-108.135,-92.061,-68.099,-199.238,-66.666,49.453,-89.499,1.017,47.482,175.472,0.153,lowest_energy_0900_0001,,,,,,
SCORE:,-1248.01,10.727,0,-2723.669,484.448,-781.892,4.94,89.405,395.565,1626.368,-107.967,-91.683,-67.916,-199.59,-67.824,49.534,-89.711,1.056,47.702,172.341,0.154,lowest_energy_0511_0001,,,,,,
SCORE:,-1247.995,10.3,0,-2733.25,486.671,-781.581,4.929,89.378,394.816,1633.866,-107.92,-92.079,-68.231,-199.231,-67.415,49.57,-89.278,1.056,48.895,171.355,0.153,lowest_energy_1511_0001,,,,,,
SCORE:,-1247.976,10.907,0,-2734.366,488.413,-779.835,5.009,89.456,398.205,1624.642,-108,-92.16,-68.075,-199.167,-67.653,49.329,-89.012,1.082,48.373,174.723,0.153,lowest_energy_0801_0001,,,,,,
SCORE:,-1247.944,10.178,0,-2734,488.268,-780.111,4.975,89.754,395.205,1630.311,-108.554,-92.317,-67.859,-199.491,-67.117,49.296,-89.59,1.067,47.836,174.053,0.153,lowest_energy_0917_0001,,,,,,
SCORE:,-1247.905,10.526,0,-2730.602,486.513,-780.402,4.941,89.732,393.704,1631.575,-108.036,-91.93,-68.125,-199.45,-68.053,49.847,-89.293,1.071,48.201,171.722,0.153,lowest_energy_1001_0001,,,,,,
SCORE:,-1247.892,11.411,0,-2732.435,486.888,-779.692,4.962,89.618,394.703,1628.048,-109.074,-92.451,-66.771,-199.43,-68.859,49.543,-89.532,1.117,49.218,174.687,0.157,lowest_energy_1918_0001,,,,,,
SCORE:,-1247.876,10.509,0,-2729.577,484.429,-779.52,4.938,89.207,394.014,1629.512,-107.708,-92.025,-68,-199.189,-67.598,49.42,-89.304,1.091,48.193,173.578,0.153,lowest_energy_1806_0001,,,,,,
SCORE:,-1247.875,10.232,0,-2732.14,487.301,-779.897,4.943,89.459,395.468,1631.576,-108.027,-92.239,-67.976,-199.139,-68.045,49.658,-89.427,1.038,48.101,171.086,0.153,lowest_energy_1810_0001,,,,,,
SCORE:,-1247.865,10.077,0,-2728.799,485.513,-781.46,4.945,89.15,393.387,1630.145,-108.155,-91.96,-68.029,-199.172,-67.162,49.346,-89.06,1.005,48.349,173.86,0.153,lowest_energy_0002_0001,,,,,,
SCORE:,-1247.75,11.037,0,-2722.801,482.244,-780.623,4.926,89.067,396.15,1622.409,-108.642,-91.616,-67.885,-199.367,-68.255,49.298,-89.507,1.083,46.836,177.741,0.155,lowest_energy_0507_0001,,,,,,
SCORE:,-1247.748,10.417,0,-2734.8,490.012,-782.253,4.976,90.053,395.913,1632.566,-108.16,-92.008,-68.106,-199.225,-67.127,49.516,-89.676,1.044,47.534,171.423,0.153,lowest_energy_0914_0001,,,,,,
SCORE:,-1247.704,10.317,0,-2728.244,487.088,-785.098,4.915,90.016,393.756,1637.591,-108.738,-91.912,-68.08,-199.757,-68.004,49.6,-89.538,1.055,47.571,169.603,0.154,lowest_energy_1711_0001,,,,,,
SCORE:,-1247.626,10.382,0,-2731.903,484.31,-780.483,4.926,89.171,396.533,1628.856,-108.281,-92.198,-68.148,-199.516,-68.085,49.164,-90.145,1.264,55.59,170.783,0.154,lowest_energy_1804_0001,,,,,,
SCORE:,-1247.572,10.278,0,-2722.903,481.688,-781.083,4.927,89.064,393.107,1627.769,-108.596,-92.197,-68.102,-199.596,-66.894,49.507,-89.162,1.082,48.102,175.284,0.153,lowest_energy_0502_0001,,,,,,
SCORE:,-1247.555,10.115,0,-2732.379,488.411,-781.9,4.93,90.273,393.711,1637.731,-108.202,-92.05,-68.196,-199.154,-67.902,49.583,-90.074,1.029,47.548,168.818,0.153,lowest_energy_1614_0001,,,,,,
SCORE:,-1247.482,10.413,0,-2728.127,482.886,-782.042,4.928,89.223,393.246,1630.164,-108.541,-92.337,-68.161,-199.761,-67.7,49.564,-88.006,1.047,50.665,174.903,0.155,lowest_energy_0119_0001,,,,,,
SCORE:,-1247.465,10.447,0,-2729.547,483.082,-780.866,4.939,89.153,395.834,1629.34,-107.798,-92.017,-68.21,-199.248,-67.626,49.933,-89.346,1.081,48.575,174.657,0.153,lowest_energy_0608_0001,,,,,,
SCORE:,-1247.464,10.232,0,-2732.97,487.988,-782.022,4.952,89.875,393.52,1635.212,-108.587,-91.96,-68.07,-199.722,-68.406,49.488,-89.801,1.057,48.187,173.41,0.154,lowest_energy_1708_0001,,,,,,
SCORE:,-1247.44,10.359,0,-2732.064,486.273,-781.599,4.941,89.788,395.026,1633.233,-108.076,-91.986,-67.904,-199.379,-68.055,49.646,-89.521,1.047,47.915,172.764,0.153,lowest_energy_1019_0001,,,,,,
SCORE:,-1247.429,10.365,0,-2726.384,484.778,-781.869,4.93,89.345,393.835,1632.649,-108.544,-92.048,-69.756,-199.757,-67.536,49.408,-89.124,1.067,48.158,172.901,0.154,lowest_energy_1706_0001,,,,,,
SCORE:,-1247.379,10.48,0,-2734.256,489.976,-780.566,4.994,89.824,395.516,1629.829,-108.114,-92.157,-68.022,-199.258,-67.264,49.507,-89.494,1.036,47.741,172.696,0.153,lowest_energy_0912_0001,,,,,,
SCORE:,-1247.363,10.215,0,-2734.544,487.753,-778.685,4.962,89.648,395.336,1633.029,-108.338,-92.158,-67.892,-199.088,-68.098,49.573,-89.581,1.028,47.613,171.711,0.153,lowest_energy_1813_0001,,,,,,
SCORE:,-1247.36,10.178,0,-2725.826,484.946,-781.336,4.922,89.371,394.37,1633.435,-108.216,-92.02,-70.281,-199.376,-67.65,49.54,-89.257,1.053,48.42,170.214,0.153,lowest_energy_0310_0001,,,,,,
SCORE:,-1247.358,10.113,0,-2729.015,487.854,-780.816,4.952,89.741,394.064,1631.31,-108.385,-92.139,-69.225,-199.328,-67.556,49.328,-89.728,1.024,48.132,172.165,0.153,lowest_energy_1008_0001,,,,,,
SCORE:,-1247.358,10.446,0,-2729.623,486.005,-782.356,4.932,89.509,394.853,1633.709,-108.62,-92.168,-69.414,-199.503,-67.367,49.241,-89.33,1.039,48.439,172.695,0.153,lowest_energy_1606_0001,,,,,,
SCORE:,-1247.257,10.105,0,-2728.542,485.8,-781.252,4.927,89.45,393.65,1632.461,-108.154,-91.957,-68.026,-199.171,-67.682,49.403,-89.892,1.005,47.6,172.868,0.153,lowest_energy_1600_0001,,,,,,
SCORE:,-1247.248,10.419,0,-2736.708,487.002,-780.524,4.941,89.795,396.405,1634.129,-107.997,-92.27,-67.896,-199.292,-67.879,49.581,-89.723,1.041,47.773,173.804,0.153,lowest_energy_1619_0001,,,,,,
SCORE:,-1247.216,10.455,0,-2734.92,489.472,-780.584,4.959,89.743,394.842,1632.035,-107.967,-92.078,-68.113,-199.2,-67.793,49.498,-89.373,1.026,48.58,172.05,0.153,lowest_energy_1512_0001,,,,,,
SCORE:,-1247.17,10.685,0,-2734.102,488.167,-781.572,5.013,89.518,398.729,1626.402,-108.042,-92.251,-67.797,-199.356,-67.247,48.944,-89.264,1.071,48.012,175.766,0.153,lowest_energy_0819_0001,,,,,,
SCORE:,-1247.156,10.202,0,-2730.414,485.686,-782.616,4.931,89.414,395.128,1634.201,-108.451,-92.184,-67.874,-199.573,-68.334,49.814,-89.602,1.072,48.498,172.79,0.154,lowest_energy_1308_0001,,,,,,
SCORE:,-1247.107,10.28,0,-2732.872,490.717,-783.923,4.933,90.47,393.979,1639.096,-109.702,-92.22,-68.233,-199.503,-67.39,49.636,-89.59,1.097,48.296,167.668,0.154,lowest_energy_1214_0001,,,,,,
SCORE:,-1247.033,11.211,0,-2725.32,484.663,-781.913,4.923,89.441,395.331,1629.212,-109.06,-92.229,-66.764,-199.398,-69.363,49.265,-89.351,1.074,47.656,173.433,0.157,lowest_energy_1309_0001,,,,,,
SCORE:,-1247.023,10.339,0,-2726.911,484.768,-780.008,4.936,89.278,393.993,1629.26,-108.065,-92.075,-68.2,-199.439,-68.014,49.957,-89.126,1.066,48.293,172.772,0.153,lowest_energy_0301_0001,,,,,,
SCORE:,-1247.015,10.102,0,-2725.705,483.434,-780.657,4.938,89.14,393.065,1628.58,-108.151,-91.965,-68.027,-199.171,-66.906,49.346,-88.902,1.005,48.403,174.303,0.153,lowest_energy_0802_0001,,,,,,
SCORE:,-1247.002,10.85,0,-2735.522,487.519,-780.635,4.94,89.321,398.069,1628.237,-108.229,-92.315,-67.943,-199.348,-67.586,49.199,-89.131,1.068,48.587,175.762,0.153,lowest_energy_1519_0001,,,,,,
SCORE:,-1246.978,10.65,0,-2736.771,488.312,-780.746,4.939,89.449,397.26,1633.056,-108.174,-92.39,-67.857,-199.56,-67.274,49.062,-89.771,1.066,48.965,172.654,0.154,lowest_energy_1912_0001,,,,,,
SCORE:,-1246.953,10.228,0,-2728.635,486.434,-781.504,4.924,89.472,393.76,1634.967,-108.038,-92.033,-69.382,-199.3,-67.491,49.363,-89.823,1.012,47.687,171.253,0.153,lowest_energy_1603_0001,,,,,,
SCORE:,-1246.907,10.27,0,-2731.273,487.294,-781.527,4.966,89.468,394.918,1631.56,-107.918,-92.08,-67.981,-199.216,-66.523,49.515,-89.394,1.044,47.816,172.002,0.153,lowest_energy_0911_0001,,,,,,
SCORE:,-1246.851,10.519,0,-2727.987,483.19,-780.244,4.971,89.184,396.022,1625.947,-108.597,-92.048,-68.121,-199.687,-67.605,48.808,-90.037,1.15,55.669,171.862,0.154,lowest_energy_0804_0001,,,,,,
SCORE:,-1246.829,11.24,0,-2727.814,484.623,-780.958,4.968,89.308,396.365,1625.728,-108.69,-92.212,-67.963,-199.422,-68.224,48.561,-89.358,1.046,49.069,176.747,0.156,lowest_energy_1905_0001,,,,,,
SCORE:,-1246.828,10.433,0,-2726.256,484.79,-781.479,4.916,89.415,393.946,1629.396,-108.284,-91.968,-68.227,-199.482,-67.558,49.655,-88.966,1.076,48.743,172.868,0.153,lowest_energy_0216_0001,,,,,,
SCORE:,-1246.817,10.421,0,-2728.222,483.805,-780.343,4.914,89.188,394.046,1630.854,-108.055,-92.115,-68.285,-199.583,-67.689,49.911,-89.702,1.067,48.433,174.384,0.153,lowest_energy_0713_0001,,,,,,
SCORE:,-1246.811,10.212,0,-2728.791,485.516,-780.946,4.937,89.646,394.165,1632.617,-108.36,-92.074,-67.992,-199.367,-67.512,49.414,-89.697,1.039,48.068,172.161,0.153,lowest_energy_1015_0001,,,,,,
SCORE:,-1246.716,10.416,0,-2728.115,484.125,-781.369,4.919,89.12,394.514,1629.975,-108.24,-91.961,-68.143,-199.458,-67.49,49.672,-89.167,1.071,48.61,174.653,0.153,lowest_energy_0615_0001,,,,,,
SCORE:,-1246.704,10.217,0,-2729.677,486.243,-780.717,4.941,89.138,394.069,1629.116,-108.443,-92.155,-68.096,-199.347,-67.387,49.225,-88.774,1.032,49.106,174.653,0.153,lowest_energy_1506_0001,,,,,,
SCORE:,-1246.684,11.373,0,-2727.252,484.57,-781.021,4.947,89.347,397.254,1621.909,-108.089,-91.816,-66.482,-199.504,-67.579,49.715,-89.589,1.107,47.526,176.747,0.154,lowest_energy_0519_0001,,,,,,
SCORE:,-1246.662,10.256,0,-2724.455,481.944,-781.743,4.922,89.085,395.02,1629.279,-108.52,-91.916,-68.037,-199.566,-67.055,49.61,-89.088,1.073,48.054,174.32,0.153,lowest_energy_0600_0001,,,,,,
SCORE:,-1246.634,10.363,0,-2728.216,486.661,-782.538,4.928,89.959,393.498,1632.248,-108.029,-91.917,-68.143,-199.437,-67.591,49.644,-89.869,1.069,48.209,172.374,0.153,lowest_energy_0714_0001,,,,,,
SCORE:,-1246.624,10.235,0,-2732.736,485.311,-779.932,4.943,89.609,394.688,1633.278,-107.91,-92.017,-68.109,-199.298,-66.778,49.794,-89.559,1.075,48.575,172.054,0.153,lowest_energy_1208_0001,,,,,,
SCORE:,-1246.623,10.11,0,-2722.961,485.221,-780.937,4.922,89.304,392.074,1629.882,-108.188,-91.82,-68.126,-199.307,-67.138,49.538,-89.42,1.067,48.559,170.444,0.153,lowest_energy_0214_0001,,,,,,
SCORE:,-1246.618,10.423,0,-2730.347,484.225,-781.366,4.934,89.296,396.611,1628.385,-108.145,-91.842,-67.891,-199.283,-67.383,49.565,-89.072,1.043,48.647,175.429,0.153,lowest_energy_0219_0001,,,,,,
SCORE:,-1246.601,10.285,0,-2728.09,485.961,-781.138,4.924,89.418,394.33,1633.527,-108.228,-91.992,-69.951,-199.506,-67.227,49.621,-89.221,1.089,48.19,171.253,0.153,lowest_energy_0316_0001,,,,,,
SCORE:,-1246.553,10.346,0,-2731.779,488.326,-782.065,4.927,90.019,394.586,1636.528,-108.663,-91.962,-67.972,-199.615,-68.074,49.466,-89.744,1.033,47.638,170.298,0.154,lowest_energy_1712_0001,,,,,,
SCORE:,-1246.519,10.274,0,-2732.135,486.669,-781.056,4.93,89.096,395.352,1632.002,-108.247,-91.954,-67.955,-199.161,-67.296,49.432,-89.27,1.008,48.428,173.211,0.153,lowest_energy_1503_0001,,,,,,
SCORE:,-1246.51,10.155,0,-2724.512,485.452,-782.985,4.922,89.41,394.04,1634.581,-108.038,-91.882,-69.491,-199.229,-67.531,49.484,-89.37,1.02,47.904,169.408,0.153,lowest_energy_0311_0001,,,,,,
SCORE:,-1246.461,10.579,0,-2732.3,486.685,-780.629,4.938,89.734,394.657,1634.122,-107.873,-91.988,-68.177,-199.321,-68.043,49.934,-89.235,1.076,48.142,171.086,0.153,lowest_energy_1018_0001,,,,,,
SCORE:,-1246.365,10.318,0,-2730.536,488.888,-784.038,4.932,89.846,393.645,1638.834,-109.146,-91.991,-69.746,-199.132,-66.296,49.632,-89.386,1.06,48.352,168.247,0.153,lowest_energy_1211_0001,,,,,,
SCORE:,-1246.326,10.375,0,-2733.062,486.074,-780.608,4.963,89.154,395.977,1628.211,-108.236,-91.994,-68.092,-199.257,-66.772,49.462,-89.045,1.052,47.918,177.402,0.153,lowest_energy_0907_0001,,,,,,
SCORE:,-1246.301,10.823,0,-2730.825,490.166,-780.883,4.94,89.678,394.138,1633.352,-110.123,-92.274,-68.257,-199.737,-67.523,48.591,-89.127,1.061,48.568,170.975,0.155,lowest_energy_1218_0001,,,,,,
SCORE:,-1246.297,10.149,0,-2727.505,487.055,-783.291,4.948,89.438,393.88,1634.263,-108.114,-92.11,-69.432,-199.456,-67.31,49.596,-88.97,1.08,48.481,170.85,0.153,lowest_energy_0611_0001,,,,,,
SCORE:,-1246.258,10.466,0,-2731.41,487.54,-783.057,4.938,89.938,395.092,1633.82,-108.2,-92.129,-67.927,-199.336,-67.138,48.85,-89.608,1.063,48.729,171.959,0.154,lowest_energy_1911_0001,,,,,,
SCORE:,-1246.25,10.137,0,-2722.516,485.99,-781.523,4.924,89.387,392.144,1632.108,-108.494,-92.142,-69.052,-199.654,-67.063,49.404,-89.49,1.035,48.297,170.103,0.153,lowest_energy_0312_0001,,,,,,
SCORE:,-1246.248,11.09,0,-2735.134,488.284,-780.384,5.006,89.468,399.317,1626.859,-107.911,-92.192,-67.874,-199.268,-67.395,49.301,-88.953,1.085,48.213,174.087,0.153,lowest_energy_0818_0001,,,,,,
SCORE:,-1246.234,10.186,0,-2728.615,487.137,-780.442,4.967,89.178,393.364,1629.782,-107.975,-91.995,-68.104,-199.271,-67.036,49.434,-89.435,1.028,47.552,173.858,0.153,lowest_energy_0903_0001,,,,,,
SCORE:,-1246.233,10.383,0,-2734.649,488.342,-781.075,4.925,89.912,394.508,1636.326,-108.125,-92.017,-68.084,-199.304,-67.647,49.554,-89.681,1.051,47.951,171.242,0.153,lowest_energy_1616_0001,,,,,,
SCORE:,-1246.182,10.462,0,-2729.592,484.379,-780.677,4.934,89.356,396.206,1631.234,-108.066,-92.182,-68.15,-199.321,-67.875,49.542,-89.328,1.053,47.874,173.815,0.153,lowest_energy_0319_0001,,,,,,
SCORE:,-1246.179,10.589,0,-2727.895,484.719,-780.557,4.93,89.238,394.727,1628.16,-107.826,-92.015,-68.182,-199.345,-67.603,49.859,-88.8,1.08,48.839,173.75,0.153,lowest_energy_0218_0001,,,,,,
SCORE:,-1246.171,10.532,0,-2727.622,485.498,-780.592,4.957,89.204,397.376,1624.39,-108.173,-92.262,-67.988,-199.522,-67.136,49.063,-89.272,1.068,48.45,175.705,0.153,lowest_energy_0005_0001,,,,,,
SCORE:,-1246.05,10.616,0,-2734.821,487.488,-779.924,4.95,89.673,395.384,1632.159,-108.068,-92.105,-67.823,-199.542,-67.375,48.987,-89.741,1.048,48.881,174.01,0.154,lowest_energy_1917_0001,,,,,,
SCORE:,-1245.997,10.361,0,-2724.959,485.372,-780.401,4.924,89.236,393.638,1628.815,-108.01,-91.981,-68.102,-199.259,-67.392,49.395,-89.205,1.007,48.695,171.717,0.153,lowest_energy_0212_0001,,,,,,
SCORE:,-1245.987,10.535,0,-2734.062,489.259,-780.277,4.962,89.529,395.836,1629.318,-108.022,-92.082,-68.211,-199.18,-67.125,49.539,-89.195,1.056,48.134,173.847,0.153,lowest_energy_0916_0001,,,,,,
SCORE:,-1245.955,10.175,0,-2723.829,485.828,-783.8,4.927,89.633,392.991,1636.005,-108.03,-92.025,-69.215,-199.178,-67.143,49.389,-89.75,1.001,47.504,169.408,0.153,lowest_energy_1103_0001,,,,,,
SCORE:,-1245.943,10.324,0,-2725.582,483.453,-779.776,4.924,89.202,393.575,1631.496,-108.033,-92.357,-68.241,-199.341,-67.99,49.722,-89.165,1.067,48.346,172.281,0.153,lowest_energy_0613_0001,,,,,,
SCORE:,-1245.87,10.323,0,-2725.086,484.594,-780.283,4.921,89.081,393.648,1626.363,-107.943,-91.855,-68.12,-199.291,-67.289,49.409,-89.123,1.008,48.795,174.826,0.153,lowest_energy_0215_0001,,,,,,
SCORE:,-1245.846,10.46,0,-2724.648,484.183,-781.918,4.925,89.259,393.495,1632.774,-108.612,-92.149,-68.064,-199.749,-68.192,49.394,-88.982,1.063,48.481,172.281,0.154,lowest_energy_1306_0001,,,,,,
SCORE:,-1245.833,10.148,0,-2725.107,485.667,-781.838,4.923,89.27,392.153,1632.982,-108.332,-92.308,-68.897,-199.257,-66.878,49.495,-88.874,1.027,48.648,171.191,0.153,lowest_energy_1202_0001,,,,,,
SCORE:,-1245.799,10.214,0,-2730.103,488.021,-780.814,4.937,89.637,393.201,1633.748,-109.707,-92.317,-68.239,-199.289,-66.661,49.358,-89.447,1.061,48.398,172.05,0.153,lowest_energy_1215_0001,,,,,,
SCORE:,-1245.797,10.174,0,-2729.918,489.187,-781.433,4.953,90.129,393.929,1635.942,-108.372,-92.186,-69.992,-199.297,-68.043,49.343,-89.667,1.014,47.877,170.409,0.153,lowest_energy_1017_0001,,,,,,
SCORE:,-1245.771,10.226,0,-2730.747,487.592,-780.744,4.928,89.824,393.17,1635.942,-108.126,-91.909,-68.135,-199.316,-67.912,49.537,-89.652,1.042,48.154,170.203,0.153,lowest_energy_1610_0001,,,,,,
SCORE:,-1245.765,10.553,0,-2733.329,488.491,-781.605,4.938,89.585,395.118,1634.63,-108.193,-92.131,-67.899,-199.478,-66.943,49.027,-89.914,1.061,48.789,171.38,0.154,lowest_energy_1914_0001,,,,,,
SCORE:,-1245.698,10.294,0,-2732.342,487.651,-779.486,4.941,89.88,393.8,1636.151,-108.147,-92.23,-68.124,-199.209,-68.236,49.568,-89.784,1.047,47.548,170.828,0.153,lowest_energy_1613_0001,,,,,,
SCORE:,-1245.685,10.016,0,-2728.23,485.321,-780.212,4.928,89.069,392.64,1630.517,-108.293,-92.059,-68.062,-199.201,-67.321,49.43,-88.766,1.009,49.077,174.299,0.153,lowest_energy_1502_0001,,,,,,
SCORE:,-1245.585,10.631,0,-2724.789,483.777,-779.385,4.929,89.181,397.048,1625.347,-108.235,-92.019,-67.875,-199.648,-67.522,49.987,-89.718,1.078,47.7,173.772,0.154,lowest_energy_0513_0001,,,,,,
SCORE:,-1245.553,10.913,0,-2721.215,482.904,-782.141,4.941,89.309,395.517,1625.616,-108.859,-91.787,-67.836,-199.662,-68.021,49.36,-88.991,1.052,47.894,175.299,0.155,lowest_energy_0609_0001,,,,,,
SCORE:,-1245.544,10.146,0,-2721.504,482.783,-780.225,4.921,89.097,393.206,1629.49,-108.217,-91.988,-68.031,-199.222,-67.584,49.406,-89.508,1.012,47.644,172.879,0.153,lowest_energy_0300_0001,,,,,,
SCORE:,-1245.521,10.367,0,-2728.855,488.097,-782.227,4.927,89.93,393.693,1636.239,-108.556,-92.12,-67.885,-199.659,-68.242,49.616,-89.599,1.072,47.849,169.678,0.154,lowest_energy_1312_0001,,,,,,
SCORE:,-1245.518,10.424,0,-2731.677,488.139,-781.899,4.933,89.615,396.337,1631.549,-108.739,-92.403,-67.076,-199.557,-67.912,50.132,-89.469,1.026,47.935,172.967,0.154,lowest_energy_1701_0001,,,,,,
SCORE:,-1245.497,10.274,0,-2723.709,485.546,-784.284,4.94,89.674,393.707,1633.924,-108.197,-92.151,-68.983,-199.312,-67.097,49.282,-89.271,1.018,48.139,170.85,0.153,lowest_energy_1106_0001,,,,,,
SCORE:,-1245.492,10.225,0,-2721.997,483.718,-781.056,4.918,89.116,393.293,1631.427,-108.275,-91.984,-68.019,-199.421,-67.829,49.571,-89.471,1.071,47.802,171.264,0.153,lowest_energy_0303_0001,,,,,,
SCORE:,-1245.492,10.196,0,-2731.056,486.703,-782.305,4.929,89.843,394.669,1636.937,-109.326,-92.299,-68.193,-199.622,-66.709,49.329,-89.343,1.103,48.721,170.776,0.154,lowest_energy_1415_0001,,,,,,
SCORE:,-1245.473,11.195,0,-2733.223,488.087,-780.66,4.943,89.798,395.555,1632.398,-108.837,-92.133,-66.665,-199.512,-68.41,48.639,-89.662,1.097,47.751,174.01,0.155,lowest_energy_1719_0001,,,,,,
SCORE:,-1245.43,10.08,0,-2725.596,485.19,-780.506,4.932,89.559,393.368,1631.85,-108.162,-91.955,-68.027,-199.172,-67.27,49.403,-89.743,1.005,47.633,171.828,0.153,lowest_energy_1000_0001,,,,,,
SCORE:,-1245.422,10.514,0,-2728.554,485.909,-780.881,4.954,89.222,397.407,1626.676,-108.204,-92.309,-67.988,-199.495,-67.365,49.02,-89.214,1.081,48.583,175.068,0.153,lowest_energy_1805_0001,,,,,,
SCORE:,-1245.368,10.737,0,-2725.719,485.681,-782.429,4.945,90.089,396.863,1626.528,-108.04,-91.779,-67.919,-199.551,-66.965,49.864,-89.56,1.1,47.598,173.035,0.154,lowest_energy_0512_0001,,,,,,
SCORE:,-1245.334,10.329,0,-2728.268,486.6,-782.414,4.928,89.934,394.359,1637.606,-107.978,-92.054,-68.878,-199.551,-68.057,49.751,-89.637,1.093,48.391,168.358,0.154,lowest_energy_1110_0001,,,,,,
SCORE:,-1245.33,10.2,0,-2725.858,484.789,-780.81,4.962,89.156,392.509,1628.822,-108.137,-91.904,-67.931,-199.178,-66.955,49.438,-88.761,1.003,48.227,174.945,0.153,lowest_energy_0902_0001,,,,,,
SCORE:,-1245.319,10.386,0,-2729.515,483.624,-780.588,4.931,89.171,396.782,1628.184,-108.035,-91.966,-68.057,-199.267,-67.142,49.388,-89.607,1.012,48.473,176.756,0.153,lowest_energy_0715_0001,,,,,,
SCORE:,-1245.304,10.339,0,-2734.488,487.812,-779.607,4.945,90.131,394.654,1636.53,-108.218,-92.024,-68.113,-199.237,-67.969,49.472,-89.89,1.016,47.742,171.448,0.153,lowest_energy_1617_0001,,,,,,
SCORE:,-1245.3,10.421,0,-2734.954,490.719,-783.939,4.951,90.586,393.956,1640.743,-108.048,-91.565,-68.049,-199.486,-68.592,49.904,-89.739,1.059,47.555,169.024,0.153,lowest_energy_1714_0001,,,,,,
SCORE:,-1245.29,10.385,0,-2726.623,486.139,-782.366,4.914,89.911,394.278,1635.431,-108.712,-92.115,-68.041,-199.765,-68.315,49.67,-89.287,1.066,48.198,169.789,0.154,lowest_energy_1310_0001,,,,,,
SCORE:,-1245.26,10.797,0,-2725.782,485.141,-779.394,4.95,89.768,396.807,1624.554,-108.443,-91.79,-67.788,-199.581,-67.448,49.496,-89.635,1.068,47.473,174.392,0.154,lowest_energy_0517_0001,,,,,,
SCORE:,-1245.245,10.333,0,-2724.298,483.612,-779.978,4.925,89.163,393.61,1629.975,-107.908,-92.064,-68.139,-199.303,-67.593,49.365,-89.082,1.014,48.517,172.454,0.153,lowest_energy_0213_0001,,,,,,
SCORE:,-1245.231,10.377,0,-2730.217,486.594,-782.207,4.941,89.88,394.476,1635.458,-108.284,-91.965,-67.993,-199.487,-67.642,49.507,-89.636,1.069,47.786,171.959,0.153,lowest_energy_1119_0001,,,,,,
SCORE:,-1245.223,10.965,0,-2734.001,489.011,-779.96,4.953,89.681,395.049,1633.619,-108.673,-92.047,-66.65,-199.668,-68.573,48.832,-89.406,1.065,48.096,172.331,0.155,lowest_energy_1718_0001,,,,,,
SCORE:,-1245.221,10.165,0,-2726.821,487.307,-780.447,4.93,89.531,392.699,1632.606,-109.707,-92.135,-68.063,-199.235,-66.852,49.5,-89.493,1.025,47.899,171.717,0.153,lowest_energy_1200_0001,,,,,,
SCORE:,-1245.207,10.305,0,-2727.694,487.64,-782.183,4.948,89.591,394.758,1633.591,-108.285,-92.014,-70.653,-199.312,-67.126,49.276,-89.195,1.015,48.323,171.655,0.153,lowest_energy_1006_0001,,,,,,
SCORE:,-1245.202,10.619,0,-2728.014,483.547,-780.787,5.006,89.245,399.24,1624.342,-108.024,-92.059,-67.887,-199.561,-66.786,49.137,-89.137,1.084,48.532,176.148,0.153,lowest_energy_0805_0001,,,,,,
SCORE:,-1245.199,10.226,0,-2722.317,482.335,-781.139,4.916,89.093,392.879,1631.457,-108.461,-92.054,-67.993,-199.437,-67.389,49.564,-88.916,1.059,48.47,172.352,0.153,lowest_energy_0302_0001,,,,,,
SCORE:,-1245.094,10.439,0,-2728.712,486.895,-780.993,4.949,89.741,394.398,1630.426,-107.902,-92.103,-68.163,-199.294,-67.714,49.486,-89.698,1.018,48.332,173.647,0.153,lowest_energy_0712_0001,,,,,,
SCORE:,-1245.093,10.351,0,-2731.843,490.522,-781.803,4.961,90.186,395.26,1635.927,-108.125,-91.907,-69.387,-199.282,-67.93,49.581,-89.75,1.037,47.903,169.052,0.153,lowest_energy_1012_0001,,,,,,
SCORE:,-1245.09,10.805,0,-2731.903,485.275,-780.601,4.956,89.376,399.037,1625.816,-107.748,-92.214,-67.98,-199.257,-67.104,48.845,-89.301,1.071,49.275,176.408,0.154,lowest_energy_1909_0001,,,,,,
SCORE:,-1245.082,10.47,0,-2723.697,483.455,-780.307,4.921,89.233,392.877,1633.577,-108.284,-92.013,-68.153,-199.53,-67.747,49.722,-89.369,1.06,47.71,170.839,0.153,lowest_energy_1303_0001,,,,,,
SCORE:,-1245.056,10.335,0,-2730.352,485.192,-780.344,4.931,89.114,396.718,1627.044,-108.176,-92.189,-68.083,-199.499,-67.467,49.356,-90.028,1.211,55.61,171.419,0.153,lowest_energy_0004_0001,,,,,,
SCORE:,-1245.055,10.102,0,-2735.292,488.668,-782.114,4.952,89.992,395.539,1636.255,-108.556,-91.756,-67.876,-199.653,-67.967,49.564,-89.512,1.04,48.001,173.406,0.153,lowest_energy_1715_0001,,,,,,
SCORE:,-1245.052,11.287,0,-2732.795,488.726,-780.802,4.922,89.447,396.755,1629.508,-107.898,-92.149,-68.687,-199.261,-67.279,49.223,-89.06,1.031,48.628,173.2,0.153,lowest_energy_1516_0001,,,,,,
SCORE:,-1244.996,10.156,0,-2730.421,487.748,-782.486,4.942,90.026,393.688,1636.486,-109.663,-92.259,-68.109,-199.536,-66.138,49.391,-89.454,1.064,48.635,170.781,0.153,lowest_energy_1408_0001,,,,,,
SCORE:,-1244.99,10.417,0,-2727.532,484.898,-780.652,4.937,89.74,394.436,1631.636,-108.442,-91.923,-68.13,-199.668,-67.26,49.574,-89.131,1.065,47.991,172.901,0.153,lowest_energy_0617_0001,,,,,,
SCORE:,-1244.975,10.655,0,-2724.992,484.456,-780.422,4.938,89.361,397.215,1625.025,-107.833,-91.946,-67.91,-199.454,-67.361,50.204,-89.387,1.078,48.099,173.146,0.154,lowest_energy_0510_0001,,,,,,
SCORE:,-1244.97,10.248,0,-2724.25,483.64,-780.164,4.925,89.223,393.362,1633.499,-107.971,-92.03,-68.144,-199.303,-67.809,49.386,-89.393,1.03,47.788,170.839,0.153,lowest_energy_0313_0001,,,,,,
SCORE:,-1244.954,10.244,0,-2729.887,485.503,-780.404,4.925,89.552,393.187,1632.872,-108.086,-92.118,-68.193,-199.296,-67.23,49.442,-89.414,1.023,47.976,174.798,0.153,lowest_energy_1607_0001,,,,,,
SCORE:,-1244.948,10.297,0,-2725.37,483.438,-779.752,4.922,89.2,393.291,1632.31,-108.322,-92.23,-68.054,-199.305,-67.756,49.52,-88.748,1.037,48.492,171.927,0.153,lowest_energy_1302_0001,,,,,,
SCORE:,-1244.94,10.499,0,-2730.551,487.165,-780.111,4.99,89.206,397.409,1624.45,-108.239,-92.219,-67.868,-199.271,-66.644,49.125,-88.885,1.029,48.031,176.79,0.153,lowest_energy_0905_0001,,,,,,
SCORE:,-1244.92,10.253,0,-2731.381,486.395,-781.507,4.927,89.749,394.692,1638.226,-107.819,-91.88,-68.102,-199.122,-67.506,49.65,-89.792,1.025,47.724,169.397,0.153,lowest_energy_1611_0001,,,,,,
SCORE:,-1244.905,10.243,0,-2723.71,482.845,-780.111,4.921,89.07,393.537,1627.354,-107.962,-91.961,-68.054,-199.209,-67.24,49.397,-89.705,1.002,48.103,176.423,0.153,lowest_energy_0700_0001,,,,,,
SCORE:,-1244.876,10.39,0,-2730.986,487.094,-780.864,4.982,89.223,396.236,1628.423,-108.349,-92.269,-67.823,-199.245,-66.733,49.295,-88.921,1.018,48.202,175.299,0.153,lowest_energy_0906_0001,,,,,,
SCORE:,-1244.867,10.43,0,-2726.098,484.265,-782.612,4.923,89.386,394.282,1632.025,-107.791,-91.978,-68.072,-199.249,-66.741,49.483,-89.573,1.017,48.329,172.953,0.153,lowest_energy_0711_0001,,,,,,
SCORE:,-1244.821,10.068,0,-2727.054,486.739,-781.389,4.942,89.784,394.527,1632.821,-108.35,-92.269,-67.838,-199.267,-67.527,49.316,-89.781,1.013,47.933,171.359,0.153,lowest_energy_1108_0001,,,,,,
SCORE:,-1244.811,10.339,0,-2730.698,485.71,-779.899,4.929,89.077,394.434,1628.94,-108.084,-92.091,-68.221,-199.221,-67.307,49.447,-88.833,1.021,48.736,176.756,0.153,lowest_energy_1507_0001,,,,,,
SCORE:,-1244.779,10.677,0,-2731.378,484.328,-779.949,4.936,89.277,396.167,1631.958,-107.746,-91.981,-68.053,-199.378,-67.113,49.509,-89.681,1.058,48.621,173.815,0.153,lowest_energy_1903_0001,,,,,,
SCORE:,-1244.771,10.327,0,-2725.175,486.695,-784.638,4.921,89.963,393.648,1636.349,-108.491,-91.867,-67.846,-199.602,-67.516,49.632,-89.251,1.034,47.909,168.983,0.153,lowest_energy_1311_0001,,,,,,
SCORE:,-1244.747,10.292,0,-2726.794,484.701,-780.133,4.922,89.144,395.005,1630.839,-108.116,-92.114,-68.112,-199.251,-67.5,49.364,-89.402,1.016,48.026,173.211,0.153,lowest_energy_0315_0001,,,,,,
SCORE:,-1244.718,10.668,0,-2724.218,486.559,-781.868,4.945,89.995,397.332,1626.149,-107.868,-91.776,-67.866,-199.497,-67.724,49.553,-89.585,1.059,47.51,171.762,0.153,lowest_energy_0514_0001,,,,,,
SCORE:,-1244.678,10.158,0,-2723.621,484.55,-781.155,4.927,89.607,393.496,1632.642,-108.018,-92.008,-67.965,-199.172,-67.25,49.374,-89.837,1.005,47.415,171.023,0.153,lowest_energy_1100_0001,,,,,,
SCORE:,-1244.642,10.606,0,-2730.327,487.802,-780.964,4.927,89.924,394.184,1635.132,-108.066,-91.845,-68.123,-199.321,-67.963,49.5,-89.497,1.037,47.997,170.203,0.153,lowest_energy_1016_0001,,,,,,
SCORE:,-1244.64,10.243,0,-2723.715,482.026,-781.485,4.924,89.086,392.903,1631.398,-108.251,-91.846,-68.046,-199.268,-67.151,49.467,-88.567,1.041,48.655,173.793,0.153,lowest_energy_0602_0001,,,,,,
SCORE:,-1244.615,10.133,0,-2721.001,482.757,-780.052,4.92,89.035,393.37,1626.419,-108.046,-92.023,-67.992,-199.192,-67.252,49.408,-89.211,1.004,48.464,174.493,0.153,lowest_energy_0200_0001,,,,,,
SCORE:,-1244.56,10.354,0,-2726.547,484.101,-781.494,4.926,89.224,392.295,1630.375,-108.176,-92.352,-68.07,-199.501,-67.446,49.864,-87.504,1.1,50.913,173.224,0.154,lowest_energy_0118_0001,,,,,,
SCORE:,-1244.536,10.44,0,-2728.312,487.471,-780.641,4.932,89.839,393.583,1635.193,-108.203,-91.855,-68.068,-199.318,-68.14,49.467,-89.456,1.01,48.204,169.163,0.153,lowest_energy_1010_0001,,,,,,
SCORE:,-1244.519,10.029,0,-2726.317,488.272,-782.85,4.939,90.172,392.465,1637.315,-108.174,-92.073,-68.72,-199.407,-68.239,49.383,-89.763,1.02,47.671,169.603,0.153,lowest_energy_1117_0001,,,,,,
SCORE:,-1244.51,10.086,0,-2726.375,488.058,-781.79,4.936,89.547,393.487,1635.467,-108.153,-91.963,-70.302,-199.172,-67.196,49.403,-89.645,1.005,47.728,170.214,0.153,lowest_energy_1003_0001,,,,,,
SCORE:,-1244.51,11.275,0,-2729.77,486.608,-780.412,4.954,89.342,396.101,1628.397,-108.459,-92.33,-68.068,-199.291,-68.181,49.023,-89.525,1.058,49.356,175.256,0.155,lowest_energy_1906_0001,,,,,,
SCORE:,-1244.499,10.615,0,-2731.165,484.392,-780.531,4.94,89.28,394.723,1631.171,-107.977,-91.902,-67.973,-199.252,-66.976,49.606,-89.122,1.021,49.595,174.903,0.153,lowest_energy_1902_0001,,,,,,
SCORE:,-1244.448,10.173,0,-2726.587,485.355,-780.003,4.938,89.679,393.289,1629.857,-108.263,-92.316,-67.915,-199.349,-67.552,49.327,-89.606,1.012,48.356,175.004,0.153,lowest_energy_0717_0001,,,,,,
SCORE:,-1244.418,10.178,0,-2732.527,490.447,-782.377,4.946,90.194,393.767,1639.322,-108.056,-92.201,-68.226,-199.134,-68.126,49.58,-89.557,1.044,47.75,168.404,0.153,lowest_energy_1314_0001,,,,,,
SCORE:,-1244.323,10.702,0,-2722.452,483.455,-781.035,4.93,89.103,397.068,1625.379,-108.288,-91.728,-67.847,-199.661,-66.969,49.759,-89.572,1.071,47.414,174.197,0.153,lowest_energy_0503_0001,,,,,,
SCORE:,-1244.318,10.739,0,-2732.129,489.561,-781.695,4.939,89.81,396.12,1633.615,-110.252,-92.263,-68.011,-199.519,-66.818,48.93,-89.355,1.109,48.094,172.654,0.154,lowest_energy_1219_0001,,,,,,
SCORE:,-1244.235,10.954,0,-2725.023,483.321,-780.411,4.9,89.324,395.057,1630.341,-108.803,-91.748,-68.126,-199.639,-68.757,48.684,-90.346,1.122,54.654,170.106,0.155,lowest_energy_1704_0001,,,,,,
SCORE:,-1244.159,10.131,0,-2721.264,483.585,-781.623,4.932,89.165,393.077,1630.398,-108.221,-92.014,-68.002,-199.481,-67.508,49.278,-88.931,1.043,48.42,172.706,0.153,lowest_energy_0306_0001,,,,,,
SCORE:,-1244.139,10.728,0,-2733.663,489.506,-780.726,5.007,89.654,398.488,1628.486,-107.829,-92.059,-67.857,-199.234,-67.096,49.253,-89.253,1.026,48.073,173.204,0.153,lowest_energy_0816_0001,,,,,,
SCORE:,-1244.055,10.287,0,-2723.772,484.141,-781.329,4.922,89.352,394.69,1630.291,-107.746,-91.927,-67.99,-199.198,-67.055,49.49,-89.089,1.013,48.69,171.023,0.153,lowest_energy_0211_0001,,,,,,
SCORE:,-1244.055,10.101,0,-2726.4,485.8,-781.313,4.926,89.45,392.772,1633.603,-108.153,-91.969,-68.023,-199.171,-67.602,49.346,-89.239,1.005,48.319,172.341,0.153,lowest_energy_1602_0001,,,,,,
SCORE:,-1244.01,10.262,0,-2730.21,487.95,-780.255,4.949,89.462,394.257,1632.475,-108.097,-92.032,-69.51,-199.314,-67.198,49.609,-88.825,1.077,48.544,172.695,0.153,lowest_energy_0616_0001,,,,,,
SCORE:,-1243.909,10.386,0,-2732.735,489.274,-780.451,4.958,90.216,394.259,1636.754,-108.21,-92.254,-68.172,-199.228,-67.124,49.546,-89.471,1.043,48.207,168.942,0.153,lowest_energy_1212_0001,,,,,,
SCORE:,-1243.891,10.159,0,-2726.771,486.397,-780.414,4.929,89.572,391.821,1636.062,-108.404,-92.251,-68.138,-199.242,-66.965,49.49,-89.411,1.031,47.987,170.103,0.153,lowest_energy_1203_0001,,,,,,
SCORE:,-1243.841,10.351,0,-2727.002,485.554,-779.176,4.941,89.779,393.813,1632.677,-108.119,-91.955,-68.17,-199.394,-67.586,49.405,-89.481,1.03,47.88,171.459,0.153,lowest_energy_0317_0001,,,,,,
SCORE:,-1243.831,10.186,0,-2725.885,482.986,-781.073,4.932,89.117,393.985,1628.194,-108.042,-91.816,-67.959,-199.189,-67.292,49.804,-88.144,1.019,50.891,174.303,0.153,lowest_energy_0108_0001,,,,,,
SCORE:,-1243.786,10.369,0,-2726.182,482.968,-780.815,4.919,89.071,393.841,1628.306,-108.166,-91.805,-68.06,-199.343,-67.219,49.478,-89.187,1.034,48.499,178.353,0.153,lowest_energy_0707_0001,,,,,,
SCORE:,-1243.769,10.406,0,-2725.2,483.942,-780.475,4.924,89.307,395.461,1629.399,-107.726,-91.864,-68.029,-199.222,-67.175,49.508,-88.96,1.014,48.941,171.828,0.153,lowest_energy_0210_0001,,,,,,
SCORE:,-1243.695,10.061,0,-2723.376,486.338,-782.927,4.928,89.404,392.835,1633.062,-108.171,-91.966,-68.016,-199.172,-67.147,49.346,-88.643,1.005,48.674,169.917,0.153,lowest_energy_1402_0001,,,,,,
SCORE:,-1243.676,10.231,0,-2728.648,489.469,-781.138,4.935,90.435,393.458,1636.188,-108.035,-91.803,-68.012,-199.187,-67.683,49.446,-89.896,1.012,47.623,167.779,0.153,lowest_energy_1014_0001,,,,,,
SCORE:,-1243.629,10.265,0,-2725.138,484.732,-779.702,4.927,89.554,391.994,1631.651,-108.167,-91.927,-68.065,-199.304,-67.64,49.434,-89.233,1.024,48.054,173.758,0.153,lowest_energy_1007_0001,,,,,,
SCORE:,-1243.612,10.366,0,-2726.592,484.242,-779.904,4.928,89.241,394.641,1631.141,-108.089,-92.037,-67.907,-199.218,-67.463,49.358,-89.154,1.016,48.59,173.074,0.153,lowest_energy_0217_0001,,,,,,
SCORE:,-1243.59,10.116,0,-2727.033,484.246,-779.495,4.93,89.307,393.94,1632.715,-108.032,-91.99,-68.014,-199.189,-67.673,49.379,-88.868,1.005,48.367,172.547,0.153,lowest_energy_1702_0001,,,,,,
SCORE:,-1243.585,10.243,0,-2725.922,484.876,-783.102,4.927,89.645,393.789,1634.422,-108.318,-91.936,-68.04,-199.429,-67.077,49.562,-89.333,1.061,47.941,172.953,0.153,lowest_energy_1107_0001,,,,,,
SCORE:,-1243.56,10.761,0,-2730.84,490.333,-780.327,4.942,89.729,394.948,1631.666,-109.876,-92.404,-68.161,-199.219,-67.067,49.722,-89.048,1.098,48.419,171.611,0.153,lowest_energy_1201_0001,,,,,,
SCORE:,-1243.491,10.231,0,-2724.777,484.149,-780.533,4.921,89.097,393.914,1630.148,-108.037,-91.964,-68.036,-199.204,-67.301,49.382,-89.612,0.999,48.169,174.809,0.153,lowest_energy_0703_0001,,,,,,
SCORE:,-1243.439,10.299,0,-2729.402,486.601,-781.478,4.922,90.015,395.881,1635.441,-108.46,-91.934,-67.836,-199.697,-67.696,49.659,-89.378,1.064,47.998,170.409,0.153,lowest_energy_1710_0001,,,,,,
SCORE:,-1243.397,10.621,0,-2729.395,486.084,-779.485,4.957,89.274,398.812,1624.889,-108.248,-92.523,-67.937,-199.364,-67.317,49.071,-88.905,1.045,49.064,175.805,0.153,lowest_energy_1509_0001,,,,,,
SCORE:,-1243.391,10.535,0,-2723.992,483.56,-781.116,4.942,89.275,396.846,1624.505,-108.495,-92.052,-67.916,-199.627,-67.297,49.571,-89.417,1.06,48.673,177.402,0.154,lowest_energy_0709_0001,,,,,,
SCORE:,-1243.389,10.172,0,-2722.401,484.031,-780.558,4.92,89.062,393.997,1629.227,-108.068,-92.075,-67.952,-199.191,-67.422,49.41,-89.123,1.002,48.55,172.879,0.153,lowest_energy_0203_0001,,,,,,
SCORE:,-1243.387,10.291,0,-2723.253,483.825,-780.605,4.934,89.138,393.758,1627.431,-108.341,-92.305,-67.889,-199.359,-67.384,49.285,-89.119,1.016,48.789,176.25,0.153,lowest_energy_0706_0001,,,,,,
SCORE:,-1243.383,10.648,0,-2728.437,485.841,-781.011,4.939,89.14,397.76,1626.5,-108.445,-92.238,-68.037,-199.56,-67.407,49.201,-88.961,1.083,49.303,176.144,0.154,lowest_energy_1505_0001,,,,,,
SCORE:,-1243.381,10.28,0,-2723.373,482.97,-780.207,4.92,89.102,392.92,1630.406,-108.121,-91.882,-68.115,-199.294,-67.478,49.439,-88.991,1.028,48.053,174.809,0.153,lowest_energy_0307_0001,,,,,,
SCORE:,-1243.362,10.583,0,-2733.057,488.3,-780.88,4.945,89.555,396.098,1634.567,-108.377,-92.358,-67.998,-199.415,-67.816,49.116,-89.239,1.101,47.97,173.39,0.154,lowest_energy_1319_0001,,,,,,
SCORE:,-1243.353,10.464,0,-2734.064,487.303,-780.056,4.944,89.582,397.091,1632.427,-108.026,-92.069,-67.496,-199.483,-66.9,49.163,-89.621,1.043,48.803,173.39,0.153,lowest_energy_1913_0001,,,,,,
SCORE:,-1243.31,10.143,0,-2719.974,482.443,-780.438,4.916,89.029,391.808,1628.3,-108.255,-92.101,-68.025,-199.291,-67.138,49.51,-88.642,1.039,49.246,173.966,0.153,lowest_energy_0202_0001,,,,,,
SCORE:,-1243.226,10.396,0,-2725.538,485.388,-780.591,4.923,89.358,394.067,1630.086,-108.04,-92.037,-68.171,-199.296,-67.301,49.402,-89.413,1.01,48.619,173.758,0.153,lowest_energy_0710_0001,,,,,,
SCORE:,-1243.19,10.527,0,-2727.857,487.283,-780.642,4.977,89.307,397.085,1624.354,-108.597,-92.441,-66.613,-199.325,-67.037,49.481,-89.464,1.069,48.1,176.451,0.154,lowest_energy_0909_0001,,,,,,
SCORE:,-1243.128,10.492,0,-2728.1,484.87,-780.638,4.916,89.432,394.03,1631.456,-108.165,-92.078,-68.166,-199.393,-67.731,49.452,-90.179,1.14,55.481,169.9,0.153,lowest_energy_1604_0001,,,,,,
SCORE:,-1243.116,10.362,0,-2725.741,486.012,-780.845,4.931,89.865,393.386,1636.076,-107.866,-91.959,-68.147,-199.208,-67.319,49.461,-89.584,1.018,47.93,168.358,0.153,lowest_energy_1011_0001,,,,,,
SCORE:,-1243.113,10.296,0,-2722.895,483.673,-781.877,4.939,89.162,394.429,1629.254,-108.21,-92.077,-67.993,-199.5,-67.232,49.261,-88.389,1.036,48.71,174.147,0.153,lowest_energy_0606_0001,,,,,,
SCORE:,-1243.108,10.252,0,-2731.889,487.18,-779.629,4.947,89.396,395.105,1634.359,-108.339,-92.209,-67.909,-199.13,-67.416,49.474,-89.296,1.023,48.036,172.786,0.153,lowest_energy_1315_0001,,,,,,
SCORE:,-1243.1,10.361,0,-2732.707,487.61,-780.768,4.939,89.98,397.01,1631.702,-107.832,-92.211,-67.68,-199.454,-66.853,49.166,-89.454,1.051,49.124,172.764,0.153,lowest_energy_1910_0001,,,,,,
SCORE:,-1243.039,10.243,0,-2723.579,482.921,-780.514,4.919,89.039,393.804,1627.479,-108.117,-91.825,-68.087,-199.273,-67.253,49.469,-88.704,1.02,48.842,176.423,0.153,lowest_energy_0207_0001,,,,,,
SCORE:,-1243.039,10.727,0,-2726.382,485.271,-779.615,4.935,89.333,394.183,1631.274,-107.45,-92.146,-67.96,-199.237,-67.772,49.607,-89.128,1.03,48.003,172.136,0.153,lowest_energy_0318_0001,,,,,,
SCORE:,-1243.037,10.131,0,-2727.886,486.44,-780.895,4.935,89.761,395.148,1634.1,-108,-91.931,-68.019,-199.286,-67.559,49.432,-89.766,1.023,47.826,171.355,0.153,lowest_energy_1115_0001,,,,,,
SCORE:,-1243.027,10.651,0,-2729.156,487.819,-781.996,4.926,90.02,394.246,1637.135,-108.113,-91.922,-68.111,-199.425,-67.653,49.549,-89.562,1.062,47.951,169.397,0.153,lowest_energy_1116_0001,,,,,,
SCORE:,-1242.989,10.36,0,-2723.305,483.504,-781.596,4.928,89.121,395.24,1631.343,-108.329,-91.859,-68.047,-199.342,-67.311,49.293,-88.916,1.018,48.048,172.706,0.153,lowest_energy_0603_0001,,,,,,
SCORE:,-1242.956,10.27,0,-2727.995,489.657,-781.16,4.951,90.326,393.194,1636.517,-108.108,-91.925,-68.023,-199.313,-68.216,49.539,-89.825,1.028,47.725,168.247,0.153,lowest_energy_1112_0001,,,,,,
SCORE:,-1242.944,10.184,0,-2723.476,482.7,-780.943,4.918,89.067,393.308,1629.81,-108.112,-92.081,-68.056,-199.269,-67.194,49.403,-89.101,1.011,48.838,175.897,0.153,lowest_energy_0702_0001,,,,,,
SCORE:,-1242.896,10.598,0,-2728.354,487.129,-780.878,4.94,89.832,393.519,1635.078,-107.785,-91.893,-68.079,-199.316,-67.846,49.908,-89.287,1.071,48.035,170.28,0.153,lowest_energy_1118_0001,,,,,,
SCORE:,-1242.859,10.796,0,-2722.368,484.223,-781.015,4.933,89.268,395.474,1628.084,-108.4,-92.013,-68.023,-199.614,-68.076,49.697,-89.074,1.052,48.27,173.772,0.154,lowest_energy_1305_0001,,,,,,
SCORE:,-1242.852,10.861,0,-2723.075,482.657,-780.444,4.907,89.249,394.67,1629.535,-108.59,-91.861,-68.047,-199.787,-68.516,49.128,-89.879,1.063,55.635,169.486,0.154,lowest_energy_1304_0001,,,,,,
SCORE:,-1242.8,10.201,0,-2727.424,489.514,-781.601,4.934,90.546,392.875,1638.287,-108.081,-91.884,-68.181,-199.379,-68.078,49.661,-89.975,1.066,47.592,166.973,0.153,lowest_energy_1114_0001,,,,,,
SCORE:,-1242.773,10.395,0,-2721.226,483.588,-780.834,4.945,89.303,396.444,1626.639,-108.414,-92.207,-68.084,-199.56,-67.45,49.377,-89.178,1.064,48.414,173.858,0.154,lowest_energy_0309_0001,,,,,,
SCORE:,-1242.769,10.345,0,-2725.543,486.068,-779.981,4.953,89.41,393.626,1631.681,-107.835,-92.234,-68.658,-199.24,-67.425,49.485,-88.766,1.023,48.516,171.655,0.153,lowest_energy_0610_0001,,,,,,
SCORE:,-1242.761,10.266,0,-2729.383,487.777,-782.084,4.928,89.901,392.587,1640.255,-108.848,-92.143,-68.056,-199.372,-67.236,49.773,-89.294,1.072,48.539,168.404,0.153,lowest_energy_1413_0001,,,,,,
SCORE:,-1242.749,10.318,0,-2729.172,486.259,-781.035,4.943,89.619,394.555,1634.836,-108.685,-92.238,-68.021,-199.311,-66.547,49.3,-88.899,1.03,48.603,171.544,0.153,lowest_energy_1206_0001,,,,,,
SCORE:,-1242.736,10.444,0,-2721.055,482.489,-780.418,4.916,89.066,393.706,1627.495,-107.95,-91.901,-68.163,-199.464,-67.15,49.604,-88.879,1.085,48.966,174.32,0.153,lowest_energy_0206_0001,,,,,,
SCORE:,-1242.714,10.504,0,-2723.766,483.936,-780.751,4.95,89.146,395.168,1626.416,-108.074,-92.011,-67.814,-199.35,-67.104,49.151,-88.369,1.016,48.448,175.638,0.153,lowest_energy_0605_0001,,,,,,
SCORE:,-1242.706,10.474,0,-2725.682,482.922,-781.489,4.925,89.095,395.181,1629.396,-108.004,-91.583,-68.16,-199.368,-67.144,49.409,-88.477,1.033,48.364,176.25,0.153,lowest_energy_0607_0001,,,,,,
SCORE:,-1242.705,10.154,0,-2729.257,489.294,-782.772,4.93,90.519,393.987,1639.802,-109.316,-92.482,-69.705,-199.539,-66.572,49.409,-89.009,1.051,48.869,167.779,0.153,lowest_energy_1410_0001,,,,,,
SCORE:,-1242.704,10.302,0,-2726.758,485.043,-780.516,4.941,89.246,392.99,1628.408,-107.896,-92.032,-67.997,-199.157,-67.375,49.769,-87.689,1.032,50.971,173.86,0.153,lowest_energy_0101_0001,,,,,,
SCORE:,-1242.652,10.221,0,-2722.553,482.336,-781.625,4.931,89.089,394.344,1627.432,-108.872,-92.339,-68.138,-199.598,-67.278,49.641,-87.614,1.101,50.832,175.284,0.154,lowest_energy_0105_0001,,,,,,
SCORE:,-1242.623,10.737,0,-2728.066,486.273,-780.385,4.954,89.628,397.739,1628.855,-108.121,-92.376,-67.798,-199.405,-67.651,49.162,-89.379,1.034,48.176,173.847,0.153,lowest_energy_1609_0001,,,,,,
SCORE:,-1242.536,10.072,0,-2723.344,485.238,-780.744,4.935,89.541,392.549,1632.864,-108.164,-91.969,-68.022,-199.172,-67.389,49.346,-89.09,1.005,48.352,171.301,0.153,lowest_energy_1002_0001,,,,,,
SCORE:,-1242.452,10.374,0,-2720.669,483.5,-780.709,4.943,89.242,396.444,1623.752,-108.457,-92.136,-68.178,-199.6,-67.157,49.465,-88.942,1.059,48.992,175.472,0.154,lowest_energy_0209_0001,,,,,,
SCORE:,-1242.423,10.669,0,-2729.187,487.315,-780.485,4.946,89.853,395.11,1633.492,-107.848,-91.889,-67.852,-199.261,-67.597,49.589,-89.366,1.039,47.98,170.916,0.153,lowest_energy_1101_0001,,,,,,
SCORE:,-1242.321,10.912,0,-2724.534,484.114,-779.343,4.936,89.12,398.895,1622.24,-107.788,-91.787,-67.912,-199.395,-67.003,49.389,-89.392,1.041,47.889,176.144,0.153,lowest_energy_0515_0001,,,,,,
SCORE:,-1242.273,10.046,0,-2725.04,486.13,-782.423,4.924,89.307,394.039,1632.182,-108.176,-91.886,-68.006,-199.228,-67.148,49.589,-88.262,1.012,50.598,169.917,0.153,lowest_energy_0114_0001,,,,,,
SCORE:,-1242.233,10.214,0,-2728.194,487.748,-780.328,4.929,89.535,392.371,1633.888,-109.73,-92.179,-68.24,-199.249,-66.692,49.529,-88.994,1.05,48.31,173.647,0.153,lowest_energy_1207_0001,,,,,,
SCORE:,-1242.23,10.629,0,-2725.944,486.206,-780.52,4.971,89.253,397.649,1623.463,-108.44,-92.246,-66.716,-199.507,-67.203,49.677,-89.551,1.098,48.008,176.79,0.154,lowest_energy_0509_0001,,,,,,
SCORE:,-1242.136,10.25,0,-2725.949,485.223,-781.846,4.919,89.437,392.823,1631.434,-108.087,-91.962,-68.048,-199.219,-67.335,49.684,-87.862,1.026,50.882,172.341,0.153,lowest_energy_0116_0001,,,,,,
SCORE:,-1242.135,10.021,0,-2725.093,484.597,-782.326,4.926,89.609,395.054,1635.327,-107.834,-91.905,-67.932,-199.211,-67.255,49.327,-89.204,1.013,48.103,170.496,0.153,lowest_energy_1102_0001,,,,,,
SCORE:,-1242.096,10.172,0,-2723.014,483.521,-780.522,4.922,89.287,392.609,1630.382,-107.857,-92.286,-67.95,-199.28,-67.696,49.735,-87.748,1.066,51.109,171.301,0.153,lowest_energy_0110_0001,,,,,,
SCORE:,-1242.066,10.584,0,-2723.919,485.337,-782.572,4.952,89.794,397.131,1630.717,-108.691,-92.134,-68.015,-199.564,-67.019,49.316,-89.472,1.06,48.275,172.002,0.154,lowest_energy_1109_0001,,,,,,
SCORE:,-1242.041,10.025,0,-2723.295,485.448,-780.937,4.925,89.229,392.331,1630.546,-108.216,-91.983,-68.077,-199.244,-67.393,49.579,-88.11,1.007,50.782,171.191,0.153,lowest_energy_0112_0001,,,,,,
SCORE:,-1242.014,10.956,0,-2728.48,484.173,-778.974,4.949,89.199,396.03,1628.55,-108.652,-92.254,-67.899,-199.244,-68.371,48.187,-90.198,1.209,56.189,172.461,0.155,lowest_energy_1904_0001,,,,,,
SCORE:,-1242.01,10.174,0,-2723.745,483.746,-780.832,4.924,89.165,392.436,1631.91,-108.372,-91.894,-67.994,-199.292,-67.618,49.645,-87.994,1.028,50.622,171.927,0.153,lowest_energy_0113_0001,,,,,,
SCORE:,-1241.912,10.243,0,-2734.089,488.042,-778.793,4.949,90.229,394.803,1637.608,-108.087,-92.296,-68.217,-199.261,-66.668,49.425,-89.474,1.048,48.173,170.298,0.153,lowest_energy_1217_0001,,,,,,
SCORE:,-1241.891,10.328,0,-2727.806,490.039,-780.694,4.93,89.834,393.851,1635.388,-109.845,-92.387,-68.206,-199.356,-67.076,49.558,-89.175,1.063,48.457,169.052,0.153,lowest_energy_1210_0001,,,,,,
SCORE:,-1241.819,10.348,0,-2733.128,490.931,-781.868,4.958,90.435,394.399,1640.306,-109.091,-91.935,-68.187,-199.228,-67.075,49.548,-89.349,1.03,48.267,167.668,0.153,lowest_energy_1412_0001,,,,,,
SCORE:,-1241.813,10.336,0,-2726.206,488.141,-780.105,4.94,90.056,392.989,1636.525,-108.49,-91.957,-68.172,-199.594,-68.007,49.492,-89.635,1.073,47.662,168.983,0.154,lowest_energy_1113_0001,,,,,,
SCORE:,-1241.733,10.62,0,-2729.555,488.657,-780.869,4.932,89.896,393.791,1637.391,-109.517,-92.371,-68.195,-199.718,-66.957,49.465,-88.942,1.122,48.664,169.701,0.154,lowest_energy_1418_0001,,,,,,
SCORE:,-1241.649,10.598,0,-2733.977,489.21,-781.118,4.923,89.929,394.052,1639.351,-108.191,-91.989,-68.152,-199.558,-67.671,49.48,-89.105,1.09,48.496,170.828,0.154,lowest_energy_1316_0001,,,,,,
SCORE:,-1241.632,10.68,0,-2720.782,483.137,-780.427,4.949,89.162,397.579,1622.696,-107.714,-91.855,-67.84,-199.449,-67.284,49.281,-88.779,1.025,48.196,175.638,0.153,lowest_energy_0506_0001,,,,,,
SCORE:,-1241.624,10.635,0,-2735.525,488.673,-780.218,4.947,89.754,395.634,1636.296,-108.064,-91.945,-68.28,-199.314,-67.246,49.893,-88.883,1.076,48.442,172.347,0.153,lowest_energy_1301_0001,,,,,,
SCORE:,-1241.621,10.835,0,-2729.686,485.596,-780.045,4.924,89.107,396.566,1626.774,-108.152,-92.072,-67.969,-199.474,-67.189,49.142,-89.482,1.121,56.371,171.858,0.153,lowest_energy_1504_0001,,,,,,
SCORE:,-1241.532,10.429,0,-2725.826,482.952,-781.225,4.915,89.099,395.495,1627.4,-108.425,-91.756,-68.164,-199.669,-67.074,49.47,-90.005,1.151,56.092,173.455,0.153,lowest_energy_0704_0001,,,,,,
SCORE:,-1241.513,10.643,0,-2723.226,484.694,-780.059,4.939,89.351,396.056,1627.177,-108.184,-91.931,-67.92,-199.644,-67.557,49.762,-89.207,1.06,47.989,174.392,0.154,lowest_energy_1705_0001,,,,,,
SCORE:,-1241.463,10.662,0,-2731.908,490.973,-781.141,4.929,89.919,395.467,1635.921,-109.831,-92.323,-68.124,-199.204,-66.675,49.588,-89.219,1.056,48.202,170.092,0.153,lowest_energy_1216_0001,,,,,,
SCORE:,-1241.408,10.349,0,-2730.094,489.534,-779.717,4.953,89.982,395.161,1636.366,-108.16,-92.055,-69.154,-199.23,-67.896,49.489,-89.615,1.033,47.702,169.789,0.153,lowest_energy_1013_0001,,,,,,
SCORE:,-1241.397,10.54,0,-2725.178,485.943,-780.106,4.939,89.489,396.224,1628.725,-108.111,-92.276,-67.977,-199.444,-67.608,49.166,-89.362,1.054,48.247,174.186,0.153,lowest_energy_1605_0001,,,,,,
SCORE:,-1241.341,10.788,0,-2733.906,488.634,-780.126,4.936,89.706,394.416,1637.448,-108.347,-92.113,-68.228,-199.591,-67.276,49.673,-88.874,1.115,48.54,171.711,0.154,lowest_energy_1318_0001,,,,,,
SCORE:,-1241.317,10.463,0,-2726.223,482.479,-781.91,4.92,89.117,396.732,1629.217,-108.424,-91.727,-68.092,-199.662,-66.852,49.453,-89.455,1.183,55.958,171.352,0.153,lowest_energy_0604_0001,,,,,,
SCORE:,-1241.272,10.459,0,-2726.49,488.284,-780.714,4.955,89.758,396.06,1630.42,-110.25,-92.393,-68.171,-199.418,-66.666,49.34,-89.12,1.07,48.754,172.696,0.154,lowest_energy_1209_0001,,,,,,
SCORE:,-1241.242,10.802,0,-2725.128,484.606,-780.59,4.91,89.315,396.708,1629.597,-108.323,-92.206,-68.002,-199.358,-68.23,49.999,-89.37,1.098,47.77,175.004,0.155,lowest_energy_1707_0001,,,,,,
SCORE:,-1241.239,10.381,0,-2728.107,484.969,-780.837,4.926,89.574,395.895,1632.099,-108.134,-91.888,-68.031,-199.528,-67.753,49.328,-89.885,1.09,55.65,168.86,0.153,lowest_energy_1004_0001,,,,,,
SCORE:,-1241.082,10.232,0,-2723.103,484.329,-781.785,4.923,89.355,392.971,1631.934,-107.853,-91.886,-68.051,-199.174,-67.1,49.629,-88,1.012,50.834,170.496,0.153,lowest_energy_0111_0001,,,,,,
SCORE:,-1241.053,10.881,0,-2731.081,488.989,-780.972,4.94,89.94,395.266,1635.994,-109.531,-92.033,-68.076,-199.341,-66.895,49.719,-88.952,1.075,48.533,170.337,0.153,lowest_energy_1401_0001,,,,,,
SCORE:,-1241.031,10.33,0,-2732.096,491.107,-782.263,4.941,90.668,394.52,1641.688,-109.213,-92.091,-68.272,-199.206,-66.803,49.536,-89.496,1.037,48.033,166.395,0.153,lowest_energy_1414_0001,,,,,,
SCORE:,-1240.981,10.069,0,-2727.699,487.097,-780.98,4.931,89.766,394.06,1636.904,-109.385,-91.988,-68.026,-199.172,-66.22,49.403,-89.297,1.005,47.955,170.444,0.153,lowest_energy_1400_0001,,,,,,
SCORE:,-1240.88,10.204,0,-2729.492,486.697,-780.118,4.937,89.298,393.939,1634.195,-108.004,-92.074,-68.196,-199.147,-67.435,49.556,-88.835,1.021,48.035,174.384,0.153,lowest_energy_1307_0001,,,,,,
SCORE:,-1240.779,10.623,0,-2720.613,484.926,-782.992,4.937,89.709,395.306,1630.367,-109.203,-92.033,-66.672,-199.599,-67.345,49.526,-89.512,1.069,48.233,172.341,0.154,lowest_energy_1105_0001,,,,,,
SCORE:,-1240.588,10.283,0,-2733.248,489.207,-778.65,4.954,89.763,394.89,1638.473,-108.268,-92.203,-68.097,-199.161,-68.202,49.535,-89.265,1.055,47.779,170.414,0.153,lowest_energy_1313_0001,,,,,,
SCORE:,-1240.443,10.554,0,-2734.795,489.81,-779.068,4.961,90.123,394.563,1639.361,-108.136,-91.767,-67.902,-199.468,-68.691,49.738,-89.425,1.04,47.471,171.034,0.153,lowest_energy_1713_0001,,,,,,
SCORE:,-1240.34,10.036,0,-2720.922,483.302,-780.877,4.922,89.087,392.644,1630.517,-108.189,-91.947,-67.981,-199.186,-67.386,49.504,-88.017,1.005,50.643,172.352,0.153,lowest_energy_0103_0001,,,,,,
SCORE:,-1240.335,10.452,0,-2721.201,483.267,-780.582,4.934,89.134,396.646,1624.124,-108.235,-92.091,-67.877,-199.595,-67.075,49.301,-89.262,1.058,48.775,177.741,0.153,lowest_energy_0705_0001,,,,,,
SCORE:,-1240.282,10.046,0,-2722.635,483.227,-781.093,4.921,89.039,394.41,1629.209,-108.091,-92.083,-68.028,-199.223,-67.017,49.503,-88.132,1.013,50.533,173.966,0.153,lowest_energy_0100_0001,,,,,,
SCORE:,-1240.236,10.057,0,-2724.533,484.693,-779.946,4.929,89.246,392.43,1632.452,-108.324,-92.139,-67.956,-199.162,-67.864,49.584,-88.091,1.002,50.686,172.547,0.153,lowest_energy_0117_0001,,,,,,
SCORE:,-1240.142,10.714,0,-2733.59,490.032,-780.261,4.939,89.832,396.016,1636.891,-107.974,-92.354,-68.033,-199.049,-68.089,49.675,-89.343,1.058,47.792,171.448,0.153,lowest_energy_1716_0001,,,,,,
SCORE:,-1240.135,10.467,0,-2721.916,483.012,-779.921,4.917,89.07,394.878,1625.388,-108.293,-91.996,-68.072,-199.521,-67.34,49.302,-89.377,1.09,56.497,171.525,0.153,lowest_energy_0204_0001,,,,,,
SCORE:,-1240.077,10.299,0,-2732.502,488.42,-778.64,4.952,90.025,395,1638.221,-108.222,-92.311,-68.153,-199.158,-66.896,49.467,-89.35,1.028,47.912,169.678,0.153,lowest_energy_1213_0001,,,,,,
SCORE:,-1240.013,10.186,0,-2725.435,488.062,-781.169,4.944,89.837,391.88,1636.506,-109.451,-92.268,-67.91,-199.249,-66.635,49.342,-88.749,1.011,48.661,170.271,0.153,lowest_energy_1406_0001,,,,,,
SCORE:,-1239.963,10.481,0,-2723.856,484.74,-782.568,4.924,89.63,394.396,1632.712,-108.282,-91.904,-67.919,-199.507,-66.954,49.333,-89.979,1.077,55.505,168.055,0.153,lowest_energy_1104_0001,,,,,,
SCORE:,-1239.939,10.031,0,-2722.979,483.271,-780.301,4.952,89.25,395.361,1626.204,-108.092,-92.312,-67.668,-199.297,-67.385,49.418,-87.511,1.009,51.012,174.945,0.153,lowest_energy_0109_0001,,,,,,
SCORE:,-1239.901,10.5,0,-2722.281,485.742,-781.016,4.94,89.562,396.308,1628.769,-108.182,-92.151,-67.984,-199.445,-67.45,49.218,-89.25,1.047,48.473,173.146,0.153,lowest_energy_1005_0001,,,,,,
SCORE:,-1239.791,10.614,0,-2723.014,487.316,-779.873,4.965,89.722,396.746,1627.759,-108.034,-92.299,-69.235,-199.362,-67.227,49.074,-89.193,1.036,48.255,172.807,0.153,lowest_energy_1009_0001,,,,,,
SCORE:,-1239.759,10.183,0,-2724.939,488.721,-780.863,4.929,89.955,393.164,1638.042,-108.253,-91.846,-68.036,-199.383,-67.84,49.491,-89.649,1.03,47.828,167.552,0.153,lowest_energy_1111_0001,,,,,,
SCORE:,-1239.66,10.496,0,-2723.147,483.141,-780.161,4.92,89.134,395.537,1628.948,-108.087,-92.019,-68.042,-199.396,-67.48,49.231,-89.595,1.078,55.718,169.911,0.153,lowest_energy_0304_0001,,,,,,
SCORE:,-1239.549,10.09,0,-2728.488,488.361,-781.769,4.932,89.793,394.242,1639.911,-109.368,-91.958,-68.017,-199.172,-66.347,49.403,-89.198,1.005,48.05,168.829,0.153,lowest_energy_1403_0001,,,,,,
SCORE:,-1239.421,10.139,0,-2725.49,484.532,-780.269,4.923,89.108,395.026,1629.049,-107.671,-91.958,-68.121,-199.222,-67.208,49.46,-88.042,1.012,50.86,174.299,0.153,lowest_energy_0115_0001,,,,,,
SCORE:,-1239.401,10.292,0,-2729.036,487.142,-781.126,4.929,89.769,393.781,1637.714,-109.451,-92.089,-68.348,-199.27,-66.377,49.496,-88.812,1.04,48.417,172.374,0.153,lowest_energy_1407_0001,,,,,,
SCORE:,-1239.378,10.753,0,-2722.758,483.044,-780.472,4.929,89.072,397.967,1623.113,-108.052,-91.896,-67.689,-199.612,-66.773,49.556,-89.955,1.145,55.254,172.843,0.153,lowest_energy_0504_0001,,,,,,
SCORE:,-1239.315,10.191,0,-2721.974,483.287,-780.991,4.924,89.092,392.578,1630.235,-108.122,-91.901,-68.01,-199.186,-67.442,49.556,-87.633,1.001,51.135,173.793,0.153,lowest_energy_0106_0001,,,,,,
SCORE:,-1239.216,10.195,0,-2735.54,489.877,-779.05,4.96,90.198,396.212,1639.768,-108.347,-92.105,-67.707,-199.482,-68.894,49.4,-89.547,1.031,48.007,171.654,0.153,lowest_energy_1717_0001,,,,,,
SCORE:,-1239.134,10.988,0,-2729.945,485.163,-779.574,4.93,89.266,398.925,1626.932,-107.215,-92.394,-68.073,-199.177,-67.376,49.723,-89.392,1.103,49.468,177.359,0.154,lowest_energy_1907_0001,,,,,,
SCORE:,-1238.782,10.817,0,-2731.65,488.829,-780.806,4.944,90.024,396.5,1636.919,-109.429,-92.29,-67.717,-199.292,-66.687,49.489,-89.113,1.045,48.102,171.38,0.153,lowest_energy_1419_0001,,,,,,
SCORE:,-1238.723,10.095,0,-2722.324,482.508,-780.547,4.916,89.049,394.563,1628.515,-108.457,-92.315,-68.066,-199.401,-67.191,49.645,-87.657,1.073,50.824,175.897,0.153,lowest_energy_0107_0001,,,,,,
SCORE:,-1238.66,10.324,0,-2732.143,489.854,-779.326,4.951,90.461,394.243,1639.897,-109.289,-92.171,-68.178,-199.225,-66.544,49.418,-89.297,1.019,48.168,169.024,0.153,lowest_energy_1417_0001,,,,,,
SCORE:,-1238.567,10.579,0,-2722.93,488.082,-779.922,4.945,89.616,395.196,1629.415,-110.079,-92.556,-68.041,-199.457,-66.648,49.232,-89.018,1.083,48.75,173.035,0.153,lowest_energy_1205_0001,,,,,,
SCORE:,-1238.472,10.586,0,-2718.687,483.214,-779.251,4.939,89.168,397.194,1625.499,-107.843,-92.223,-67.858,-199.431,-67.692,49.124,-88.928,1.054,48.312,174.197,0.153,lowest_energy_0305_0001,,,,,,
SCORE:,-1238.365,10.612,0,-2726.615,487.666,-780.756,4.924,89.591,395.57,1631.9,-110.137,-92.29,-68.032,-199.593,-66.688,49.245,-89.664,1.159,55.839,168.749,0.153,lowest_energy_1204_0001,,,,,,
SCORE:,-1238.07,10.256,0,-2728.147,488.418,-780.553,4.933,90.087,393.748,1640.735,-109.083,-91.96,-68.054,-199.182,-66.077,49.555,-89.197,1.031,48.295,166.973,0.153,lowest_energy_1411_0001,,,,,,
SCORE:,-1238.024,10.583,0,-2718.447,483.135,-779.526,4.937,89.105,397.673,1622.82,-107.957,-92.282,-67.875,-199.447,-67.253,49.166,-88.64,1.047,48.973,175.811,0.153,lowest_energy_0205_0001,,,,,,
SCORE:,-1237.925,10.425,0,-2733.211,489.07,-778.364,4.954,90.294,394.251,1639.068,-108.233,-91.919,-68.208,-199.396,-67.336,49.538,-89.255,1.065,48.143,171.034,0.153,lowest_energy_1317_0001,,,,,,
SCORE:,-1237.863,10.498,0,-2727.327,487.567,-780.551,4.956,89.963,397.853,1633.522,-109.538,-92.544,-68.042,-199.455,-66.449,49.194,-88.961,1.081,48.794,171.423,0.153,lowest_energy_1409_0001,,,,,,
SCORE:,-1237.707,10.799,0,-2731.291,490.341,-781.195,4.931,90.148,395.871,1638.905,-109.506,-92.007,-67.775,-199.253,-66.406,49.522,-89.054,1.019,48.273,168.818,0.153,lowest_energy_1416_0001,,,,,,
SCORE:,-1237.57,10.639,0,-2728.575,487.609,-779.14,4.977,89.941,398.115,1630.731,-108.032,-92.081,-67.438,-199.363,-68.57,49.22,-88.976,1.027,48.14,174.053,0.153,lowest_energy_1709_0001,,,,,,
SCORE:,-1237.473,10.221,0,-2724.424,483.194,-780.581,4.918,89.067,393.824,1628.962,-108.22,-91.974,-67.965,-199.255,-67.261,49.53,-88.306,1.07,58.576,170.999,0.153,lowest_energy_0104_0001,,,,,,
SCORE:,-1236.971,10.536,0,-2724.373,487.283,-781.115,4.942,89.825,396.023,1633.598,-109.637,-92.422,-68.049,-199.507,-66.316,49.272,-88.957,1.084,48.925,171.762,0.153,lowest_energy_1405_0001,,,,,,
SCORE:,-1236.933,10.05,0,-2718.605,483.285,-780.753,4.92,89.039,392.551,1629.105,-108.167,-91.968,-68.023,-199.172,-67.062,49.435,-87.446,1.005,51.279,173.44,0.153,lowest_energy_0102_0001,,,,,,
SCORE:,-1235.709,10.372,0,-2726.142,486.586,-778.819,4.951,89.135,399.199,1625.191,-108.017,-92.33,-67.927,-199.559,-67.579,49.563,-90.071,1.26,55.82,172.504,0.154,lowest_energy_0904_0001,,,,,,
SCORE:,-1234.498,10.871,0,-2726.457,487.124,-780.407,4.927,89.805,395.657,1634.959,-109.654,-92.091,-67.935,-199.441,-66.346,49.245,-89.397,1.063,55.952,167.476,0.153,lowest_energy_1404_0001,,,,,,
SCORE:,-1234.079,11.294,0,-2721.4,481.904,-779.81,4.895,89.087,397.072,1628.363,-107.86,-91.367,-67.578,-199.127,-67.141,49.718,-87.761,3.616,50.333,171.525,0.159,lowest_energy_0400_0001,,,,,,
SCORE:,-1231.653,11.389,0,-2723.832,482.645,-779.194,4.922,89.229,398.782,1626.342,-107.655,-91.654,-67.793,-199.396,-66.878,49.82,-86.574,3.775,52.398,171.862,0.158,lowest_energy_0408_0001,,,,,,
SCORE:,-1230.978,11.226,0,-2722.238,485.006,-779.549,4.898,89.302,397.402,1630.007,-108.09,-91.693,-67.774,-199.606,-67.202,49.15,-86.655,3.694,52.237,168.749,0.158,lowest_energy_0412_0001,,,,,,
SCORE:,-1230.722,11.367,0,-2724.905,484.161,-778.99,4.929,89.134,398.639,1628.009,-107.953,-91.538,-67.738,-199.41,-66.886,49.039,-86.54,3.74,52.204,171.858,0.158,lowest_energy_0415_0001,,,,,,
SCORE:,-1230.591,11.285,0,-2723.184,485.151,-780.085,4.922,89.37,397.874,1631.37,-107.922,-91.775,-67.696,-199.491,-66.797,49.397,-86.635,3.843,52.147,167.476,0.159,lowest_energy_0414_0001,,,,,,
SCORE:,-1230.061,11.241,0,-2723.428,483.573,-778.9,4.9,89.247,398.226,1631.017,-107.751,-91.777,-67.703,-199.545,-67.452,49.285,-86.449,3.775,52.037,169.486,0.158,lowest_energy_0413_0001,,,,,,
SCORE:,-1230.055,11.49,0,-2725.568,485.385,-779.119,4.943,89.291,399.903,1626.63,-107.903,-91.805,-67.783,-199.285,-67.4,49.654,-86.334,3.722,52.545,171.419,0.159,lowest_energy_0401_0001,,,,,,
SCORE:,-1229.849,11.497,0,-2721.74,483.799,-778.941,4.913,89.37,397.296,1629.383,-107.733,-91.856,-67.654,-199.548,-67.118,49.51,-86.301,3.908,52.35,168.86,0.158,lowest_energy_0410_0001,,,,,,
SCORE:,-1229.049,11.573,0,-2721.057,484.072,-780.235,4.912,89.416,397.585,1630.629,-107.741,-91.803,-67.521,-199.527,-66.662,49.276,-86.428,3.818,52.43,168.055,0.158,lowest_energy_0411_0001,,,,,,
SCORE:,-1228.547,11.544,0,-2724.935,485.246,-778.846,4.918,89.519,398.315,1630.251,-107.899,-91.629,-67.807,-199.465,-67.28,49.617,-86.409,3.793,52.46,169.9,0.159,lowest_energy_0416_0001,,,,,,
SCORE:,-1228.461,11.299,0,-2724.786,485.929,-779.118,4.926,89.249,398.689,1628.088,-107.816,-91.719,-67.795,-199.629,-67.041,49.424,-85.986,4.057,52.83,170.783,0.158,lowest_energy_0418_0001,,,,,,
SCORE:,-1228.159,11.217,0,-2719.045,482.765,-780.646,4.912,89.207,397.944,1628.982,-108.097,-91.698,-67.644,-199.482,-67.461,48.583,-86.065,3.784,53.072,171.352,0.16,lowest_energy_0406_0001,,,,,,
SCORE:,-1228.133,11.6,0,-2725.489,485.001,-780.027,4.929,89.352,401.052,1627.525,-107.568,-91.83,-67.66,-199.225,-67.192,48.9,-86.498,4.029,52.347,172.461,0.16,lowest_energy_0419_0001,,,,,,
SCORE:,-1227.841,11.502,0,-2720.565,482.387,-778.581,4.899,89.12,397.625,1627.138,-107.892,-91.662,-67.656,-199.459,-67.124,49.184,-86.137,3.802,51.964,173.455,0.159,lowest_energy_0407_0001,,,,,,
SCORE:,-1227.618,11.35,0,-2724.396,483.63,-778.287,4.89,89.277,399.629,1631.953,-107.9,-91.757,-67.842,-199.521,-67.541,48.91,-86.632,3.754,52.6,170.106,0.158,lowest_energy_0417_0001,,,,,,
SCORE:,-1227.311,11.138,0,-2720.079,483.614,-780.298,4.927,89.164,398.88,1626.151,-107.878,-91.829,-67.68,-199.559,-66.768,48.675,-85.818,3.912,53.133,172.843,0.159,lowest_energy_0405_0001,,,,,,
SCORE:,-1226.605,11.047,0,-2718.669,484.093,-779.976,4.943,89.172,398.282,1625.983,-107.949,-91.669,-67.763,-199.495,-67.067,48.902,-86.112,3.827,53.184,172.504,0.158,lowest_energy_0409_0001,,,,,,
SCORE:,-1226.165,11.329,0,-2719.879,484.046,-778.888,4.91,89.135,398.369,1629.406,-107.622,-92.014,-67.569,-199.644,-66.751,49.214,-86.021,3.929,51.814,169.911,0.157,lowest_energy_0403_0001,,,,,,
SCORE:,-1219.264,11.01,0,-2716.505,484.113,-779.655,4.919,89.051,396.706,1628.883,-107.234,-91.386,-67.203,-199.23,-66.57,50.433,-84.345,4.057,52.54,170.999,0.154,lowest_energy_0402_0001,,,,,,
SCORE:,-1215.478,10.939,0,-2718.783,485.219,-778.735,4.916,89.17,401.498,1625.86,-106.426,-91.872,-67.644,-199.674,-67.521,49.434,-85.995,4.305,61.113,168.557,0.16,lowest_energy_0404_0001,,,,,,
